Time,Front POA1 (W/m2),Front POA2 (W/m2),Rear 1 (W/m2),Rear 2 (W/m2),Rear 3 (W/m2),G,W,B,S,Temperature C,Specific Humidity g/kg,Precipitation mm/hour,Relative Humidity %,tcc,tclw,sin_h,cos_h,sin_doy,cos_doy
2025-05-08 00:00:00,0.0,0.0,0.0,0.0,0.0,0.0,0.0,1.0,0.0,14.95,9.28,0.0,88.21,95.59247,0.00032350398,0.0,1.0,0.8064799463209448,-0.5912614448635781
2025-05-08 00:15:00,0.0,0.0,0.0,0.0,0.0,0.0,0.0,1.0,0.0,14.95,9.28,0.0,88.21,96.69435,0.00027681043,0.0,1.0,0.8064799463209448,-0.5912614448635781
2025-05-08 00:30:00,0.0,0.0,0.0,0.0,0.0,0.0,0.0,1.0,0.0,14.95,9.28,0.0,88.21,97.796234,0.00023011692,0.0,1.0,0.8064799463209448,-0.5912614448635781
2025-05-08 00:45:00,0.0,0.0,0.0,0.0,0.0,0.0,0.0,1.0,0.0,14.95,9.28,0.0,88.21,98.89812,0.00018342338,0.0,1.0,0.8064799463209448,-0.5912614448635781
2025-05-08 01:00:00,0.0,0.0,0.0,0.0,0.0,0.0,0.0,1.0,0.0,14.4,9.19,0.0,90.54,100.0,0.00013672985,0.2588190451025207,0.9659258262890684,0.8064799463209448,-0.5912614448635781
2025-05-08 01:15:00,0.0,0.0,0.0,0.0,0.0,0.0,0.0,1.0,0.0,14.4,9.19,0.0,90.54,100.0,0.00015992523,0.2588190451025207,0.9659258262890684,0.8064799463209448,-0.5912614448635781
2025-05-08 01:30:00,0.0,0.0,0.0,0.0,0.0,0.0,0.0,1.0,0.0,14.4,9.19,0.0,90.54,100.0,0.0001831206,0.2588190451025207,0.9659258262890684,0.8064799463209448,-0.5912614448635781
2025-05-08 01:45:00,0.0,0.0,0.0,0.0,0.0,0.0,0.0,1.0,0.0,14.4,9.19,0.0,90.54,100.0,0.00020631599,0.2588190451025207,0.9659258262890684,0.8064799463209448,-0.5912614448635781
2025-05-08 02:00:00,0.0,0.0,0.0,0.0,0.0,0.0,0.0,1.0,0.0,14.21,9.2,0.0,91.77,100.0,0.00022951137,0.4999999999999999,0.8660254037844387,0.8064799463209448,-0.5912614448635781
2025-05-08 02:15:00,0.0,0.0,0.0,0.0,0.0,0.0,0.0,1.0,0.0,14.21,9.2,0.0,91.77,100.0,0.00028963407,0.4999999999999999,0.8660254037844387,0.8064799463209448,-0.5912614448635781
2025-05-08 02:30:00,0.0,0.0,0.0,0.0,0.0,0.0,0.0,1.0,0.0,14.21,9.2,0.0,91.77,100.0,0.00034975677,0.4999999999999999,0.8660254037844387,0.8064799463209448,-0.5912614448635781
2025-05-08 02:45:00,0.0,0.0,0.0,0.0,0.0,0.0,0.0,1.0,0.0,14.21,9.2,0.0,91.77,100.0,0.0004098795,0.4999999999999999,0.8660254037844387,0.8064799463209448,-0.5912614448635781
2025-05-08 03:00:00,0.0,0.0,0.0,0.0,0.0,0.0,0.0,1.0,0.0,14.08,9.26,0.0,93.14,100.0,0.00047000218,0.7071067811865475,0.7071067811865476,0.8064799463209448,-0.5912614448635781
2025-05-08 03:15:00,0.0,0.0,0.0,0.0,0.0,0.0,0.0,1.0,0.0,14.08,9.26,0.0,93.14,100.0,0.0005285965,0.7071067811865475,0.7071067811865476,0.8064799463209448,-0.5912614448635781
2025-05-08 03:30:00,0.0,0.0,0.0,0.0,0.0,0.0,0.0,1.0,0.0,14.08,9.26,0.0,93.14,100.0,0.00058719085,0.7071067811865475,0.7071067811865476,0.8064799463209448,-0.5912614448635781
2025-05-08 03:45:00,0.0,0.0,0.0,0.0,0.0,0.0,0.0,1.0,0.0,14.08,9.26,0.0,93.14,100.0,0.0006457852,0.7071067811865475,0.7071067811865476,0.8064799463209448,-0.5912614448635781
2025-05-08 04:00:00,0.0,0.0,0.0,0.0,0.0,0.0,0.0,1.0,0.0,13.88,9.31,0.0,94.87,100.0,0.0007043795,0.8660254037844386,0.5000000000000001,0.8064799463209448,-0.5912614448635781
2025-05-08 04:15:00,0.0,0.0,0.0,0.0,0.0,0.0,0.0,1.0,0.0,13.88,9.31,0.0,94.87,100.0,0.00081424596,0.8660254037844386,0.5000000000000001,0.8064799463209448,-0.5912614448635781
2025-05-08 04:30:00,0.0,0.0,0.0,0.0,0.0,0.0,0.0,1.0,0.0,13.88,9.31,0.0,94.87,100.0,0.0009241124,0.8660254037844386,0.5000000000000001,0.8064799463209448,-0.5912614448635781
2025-05-08 04:45:00,0.0,0.0,0.0,0.0,0.0,0.0,0.0,1.0,0.0,13.88,9.31,0.0,94.87,100.0,0.0010339788,0.8660254037844386,0.5000000000000001,0.8064799463209448,-0.5912614448635781
2025-05-08 05:00:00,0.0,0.0,0.0,0.0,0.0,0.0,0.0,1.0,0.0,13.81,9.32,0.0,95.4,100.0,0.0011438453,0.9659258262890684,0.2588190451025207,0.8064799463209448,-0.5912614448635781
2025-05-08 05:15:00,0.0,0.0,0.0,0.0,0.0,0.0,0.0,1.0,0.0,13.81,9.32,0.0,95.4,100.0,0.0013489233,0.9659258262890684,0.2588190451025207,0.8064799463209448,-0.5912614448635781
2025-05-08 05:30:00,0.0,0.0,0.0,0.0,0.0,0.0,0.0,1.0,0.0,13.81,9.32,0.0,95.4,100.0,0.0015540014,0.9659258262890684,0.2588190451025207,0.8064799463209448,-0.5912614448635781
2025-05-08 05:45:00,0.0,0.0,0.0,0.0,0.0,0.0,0.0,1.0,0.0,13.81,9.32,0.0,95.4,100.0,0.0017590794,0.9659258262890684,0.2588190451025207,0.8064799463209448,-0.5912614448635781
2025-05-08 06:00:00,0.0,5.474621063264977,17.415293896511763,0.0,0.0,0.0,0.0,1.0,0.0,15.3,9.71,0.0,90.29,100.0,0.0019641574,1.0,6.123233995736766e-17,0.8064799463209448,-0.5912614448635781
2025-05-08 06:15:00,15.009316487895306,0.0,38.55547188053953,0.0,0.0,0.0,0.0,1.0,0.0,15.3,9.71,0.0,90.29,96.06007,0.002242465,1.0,6.123233995736766e-17,0.8064799463209448,-0.5912614448635781
2025-05-08 06:30:00,5.535427061310084,0.0,9.966955427233572,20.340492520890162,0.0,0.0,0.0,1.0,0.0,15.3,9.71,0.0,90.29,92.12013,0.0025207726,1.0,6.123233995736766e-17,0.8064799463209448,-0.5912614448635781
2025-05-08 06:45:00,0.0,0.0,93.92317314415028,22.111955014424577,2.7060654007879315,0.0,0.0,1.0,0.0,15.3,9.71,0.0,90.29,88.18021,0.0027990805,1.0,6.123233995736766e-17,0.8064799463209448,-0.5912614448635781
2025-05-08 07:00:00,10.867962463847466,67.92359958740157,161.08035843352502,77.28241052608357,39.051894879819045,0.0,0.0,1.0,0.0,17.61,9.83,0.0,78.93,84.24027,0.003077388,0.9659258262890684,-0.2588190451025206,0.8064799463209448,-0.5912614448635781
2025-05-08 07:15:00,42.060107143643,81.64794254996332,218.10599146868068,91.04383711744298,23.019110858751816,0.0,0.0,1.0,0.0,17.61,9.83,0.0,78.93,80.48784,0.0029870565,0.9659258262890684,-0.2588190451025206,0.8064799463209448,-0.5912614448635781
2025-05-08 07:30:00,130.011616825076,47.05364178279794,283.0046318484247,117.47186416622041,101.59792298081814,0.0,0.0,1.0,0.0,17.61,9.83,0.0,78.93,76.7354,0.002896725,0.9659258262890684,-0.2588190451025206,0.8064799463209448,-0.5912614448635781
2025-05-08 07:45:00,216.86857204502743,80.71479782662034,338.09678098295234,144.90677582565507,99.42978235155799,0.0,0.0,1.0,0.0,17.61,9.83,0.0,78.93,72.982956,0.0028063934,0.9659258262890684,-0.2588190451025206,0.8064799463209448,-0.5912614448635781
2025-05-08 08:00:00,243.42510607437058,253.21185840872434,413.26813159371557,136.94452868606464,125.25053565897801,0.0,0.0,1.0,0.0,20.59,9.28,0.0,61.9,69.23052,0.002716062,0.8660254037844387,-0.4999999999999998,0.8064799463209448,-0.5912614448635781
2025-05-08 08:15:00,269.4299828499249,360.1311040847147,453.84003132023975,132.6809911419441,185.40752522559035,0.0,0.0,1.0,0.0,20.59,9.28,0.0,61.9,73.133995,0.0029180993,0.8660254037844387,-0.4999999999999998,0.8064799463209448,-0.5912614448635781
2025-05-08 08:30:00,301.4825598913352,438.1441516604318,510.89324236780845,194.6843590591254,242.44751361216814,0.0,0.0,1.0,0.0,20.59,9.28,0.0,61.9,77.03747,0.0031201364,0.8660254037844387,-0.4999999999999998,0.8064799463209448,-0.5912614448635781
2025-05-08 08:45:00,427.6453201298901,579.4404408642105,566.4959595466997,169.68856085374114,482.9735462125063,0.0,0.0,1.0,0.0,20.59,9.28,0.0,61.9,80.94094,0.0033221738,0.8660254037844387,-0.4999999999999998,0.8064799463209448,-0.5912614448635781
2025-05-08 09:00:00,493.76645956254526,412.691593485513,638.5328992866946,209.19013172629838,554.5270361331293,0.0,0.0,1.0,0.0,22.31,9.0,0.0,54.03,84.84441,0.0035242112,0.7071067811865476,-0.7071067811865475,0.8064799463209448,-0.5912614448635781
2025-05-08 09:15:00,547.5765505302929,275.7138867813525,688.5475190619939,264.82833685421133,503.12397249660347,0.0,0.0,1.0,0.0,22.31,9.0,0.0,54.03,66.93806,0.0047094217,0.7071067811865476,-0.7071067811865475,0.8064799463209448,-0.5912614448635781
2025-05-08 09:30:00,607.5097422173736,343.84010873779397,701.8409424097672,330.20695808439143,665.539160041688,0.0,0.0,1.0,0.0,22.31,9.0,0.0,54.03,49.031696,0.0058946316,0.7071067811865476,-0.7071067811865475,0.8064799463209448,-0.5912614448635781
2025-05-08 09:45:00,651.5762706607094,273.98205409466124,758.7139257070775,358.99678078278794,806.6854173513157,0.0,0.0,1.0,0.0,22.31,9.0,0.0,54.03,31.12534,0.0070798416,0.7071067811865476,-0.7071067811865475,0.8064799463209448,-0.5912614448635781
2025-05-08 10:00:00,641.7667636029649,589.1785183041292,780.2917426377816,612.0718129289196,791.7768496625181,0.0,0.0,1.0,0.0,23.45,8.94,0.55,50.05,13.218981,0.008265052,0.4999999999999999,-0.8660254037844387,0.8064799463209448,-0.5912614448635781
2025-05-08 10:15:00,682.0404620318369,509.06336111260293,823.054686814275,715.454833863078,835.685192373987,0.0,0.0,1.0,0.0,23.45,8.94,0.55,50.05,11.090086,0.009106129,0.4999999999999999,-0.8660254037844387,0.8064799463209448,-0.5912614448635781
2025-05-08 10:30:00,714.7219292459561,735.2145969117113,874.6818338386614,846.0893099796493,875.3673431145711,0.0,0.0,1.0,0.0,23.45,8.94,0.55,50.05,8.961191,0.009947207,0.4999999999999999,-0.8660254037844387,0.8064799463209448,-0.5912614448635781
2025-05-08 10:45:00,708.8842679398151,787.1419407991388,845.9973560270472,870.1937602788823,906.3255887256162,0.0,0.0,1.0,0.0,23.45,8.94,0.55,50.05,6.8322964,0.010788284,0.4999999999999999,-0.8660254037844387,0.8064799463209448,-0.5912614448635781
2025-05-08 11:00:00,740.6931244741189,785.5939521332663,881.1932748500341,965.2196912292669,873.1487132546255,0.0,0.0,1.0,0.0,24.14,9.01,0.8,48.35,4.7034016,0.011629362,0.258819045102521,-0.9659258262890682,0.8064799463209448,-0.5912614448635781
2025-05-08 11:15:00,730.522940804189,789.7767958533361,880.5631341213701,893.222063648992,892.671656325819,0.0,0.0,1.0,0.0,24.14,9.01,0.8,48.35,4.8744626,0.01446926,0.258819045102521,-0.9659258262890682,0.8064799463209448,-0.5912614448635781
2025-05-08 11:30:00,709.7918549327035,753.0016861710319,859.0802232974588,950.2511935214072,893.3921883797092,0.0,0.0,1.0,0.0,24.14,9.01,0.8,48.35,5.0455236,0.017309159,0.258819045102521,-0.9659258262890682,0.8064799463209448,-0.5912614448635781
2025-05-08 11:45:00,763.8459872388224,795.075629828758,891.638850240397,918.3242036533828,862.6819707729273,0.0,0.0,1.0,0.0,24.14,9.01,0.8,48.35,5.216584,0.020149058,0.258819045102521,-0.9659258262890682,0.8064799463209448,-0.5912614448635781
2025-05-08 12:00:00,731.5620206716545,799.1824304079674,854.5088816090018,866.5441462522641,875.1605204591804,0.0,0.0,1.0,0.0,24.45,9.27,2.05,48.8,5.3876452,0.022988956,1.2246467991473532e-16,-1.0,0.8064799463209448,-0.5912614448635781
2025-05-08 12:15:00,723.7748218483466,781.022662332487,879.440101665552,810.7663539847244,876.5622955865831,0.0,0.0,1.0,0.0,24.45,9.27,2.05,48.8,7.239061,0.026709782,1.2246467991473532e-16,-1.0,0.8064799463209448,-0.5912614448635781
2025-05-08 12:30:00,735.3392061939843,745.1913271725298,854.8724147306375,801.9376392128577,874.7813076406836,0.0,0.0,1.0,0.0,24.45,9.27,2.05,48.8,9.090477,0.030430607,1.2246467991473532e-16,-1.0,0.8064799463209448,-0.5912614448635781
2025-05-08 12:45:00,737.5035138370629,758.6479644278766,835.1610992713167,584.4604775086918,857.6719511293257,0.0,0.0,1.0,0.0,24.45,9.27,2.05,48.8,10.941893,0.034151435,1.2246467991473532e-16,-1.0,0.8064799463209448,-0.5912614448635781
2025-05-08 13:00:00,659.2831438434152,712.9820199200598,810.8503717174771,576.9386119972394,839.7915417051787,0.0,0.0,1.0,0.0,24.75,9.52,2.24,49.21,12.793308,0.03787226,-0.2588190451025208,-0.9659258262890684,0.8064799463209448,-0.5912614448635781
2025-05-08 13:15:00,648.630635556778,709.3545487178618,750.993611283055,479.50454490519854,806.1088661258154,0.0,0.0,1.0,0.0,24.75,9.52,2.24,49.21,16.50629,0.037008457,-0.2588190451025208,-0.9659258262890684,0.8064799463209448,-0.5912614448635781
2025-05-08 13:30:00,592.6102156413647,636.3641814538615,737.1135883720523,893.7066862820157,771.2058598996538,0.0,0.0,1.0,0.0,24.75,9.52,2.24,49.21,20.219273,0.036144655,-0.2588190451025208,-0.9659258262890684,0.8064799463209448,-0.5912614448635781
2025-05-08 13:45:00,579.8576338749091,600.0341157584071,703.1143255079592,854.6286875459481,705.9515084733542,0.0,0.0,1.0,0.0,24.75,9.52,2.24,49.21,23.932255,0.035280854,-0.2588190451025208,-0.9659258262890684,0.8064799463209448,-0.5912614448635781
2025-05-08 14:00:00,570.0772511040561,577.1344499995228,662.8195379162979,822.6650644968498,731.4038038395277,0.0,0.0,1.0,0.0,24.9,9.56,1.47,48.95,27.645237,0.03441705,-0.4999999999999997,-0.8660254037844388,0.8064799463209448,-0.5912614448635781
2025-05-08 14:15:00,503.6488231192469,522.2237553698869,594.4458416374904,739.6144050322365,660.448204489803,0.0,0.0,1.0,0.0,24.9,9.56,1.47,48.95,35.383987,0.046928644,-0.4999999999999997,-0.8660254037844388,0.8064799463209448,-0.5912614448635781
2025-05-08 14:30:00,450.9125829380599,467.10831921659064,559.5263117204378,731.2734789391576,594.2695233999592,0.0,0.0,1.0,0.0,24.9,9.56,1.47,48.95,43.122734,0.059440233,-0.4999999999999997,-0.8660254037844388,0.8064799463209448,-0.5912614448635781
2025-05-08 14:45:00,405.7539645025935,424.6781835043131,534.2618832813347,567.8438055803186,545.4298067555519,0.0,0.0,1.0,0.0,24.9,9.56,1.47,48.95,50.861485,0.07195183,-0.4999999999999997,-0.8660254037844388,0.8064799463209448,-0.5912614448635781
2025-05-08 15:00:00,347.55228494927474,383.2373816338973,380.4116051799629,314.81413446592876,405.56327984622726,0.0,0.0,1.0,0.0,24.67,9.65,1.73,50.07,58.600235,0.08446342,-0.7071067811865471,-0.7071067811865479,0.8064799463209448,-0.5912614448635781
2025-05-08 15:15:00,283.39781398239694,307.2035801568806,85.15281114644071,285.34416561516,126.87134483120215,0.0,0.0,1.0,0.0,24.67,9.65,1.73,50.07,56.744125,0.0912047,-0.7071067811865471,-0.7071067811865479,0.8064799463209448,-0.5912614448635781
2025-05-08 15:30:00,61.90791300526825,76.14044176535408,123.7954560205941,268.6663263600612,114.28842804640627,0.0,0.0,1.0,0.0,24.67,9.65,1.73,50.07,54.88802,0.09794599,-0.7071067811865471,-0.7071067811865479,0.8064799463209448,-0.5912614448635781
2025-05-08 15:45:00,14.804202141801131,32.61144155975498,53.596269069789045,166.0106478074692,29.527127437811902,0.0,0.0,1.0,0.0,24.67,9.65,1.73,50.07,53.031914,0.10468727,-0.7071067811865471,-0.7071067811865479,0.8064799463209448,-0.5912614448635781
2025-05-08 16:00:00,12.176111363128316,10.078237747344149,33.73348959370706,135.2745283658648,48.96138074231186,0.0,0.0,1.0,0.0,23.97,10.09,5.61,54.54,51.175804,0.11142856,-0.8660254037844384,-0.5000000000000004,0.8064799463209448,-0.5912614448635781
2025-05-08 16:15:00,8.192553704168864,38.278125130733315,48.41055387527129,103.37951314511535,20.015686083341144,0.0,0.0,1.0,0.0,23.97,10.09,5.61,54.54,47.349163,0.11245355,-0.8660254037844384,-0.5000000000000004,0.8064799463209448,-0.5912614448635781
2025-05-08 16:30:00,0.0,5.082345066452833,37.57425000880496,110.02644505031297,9.074972875370818,0.0,0.0,1.0,0.0,23.97,10.09,5.61,54.54,43.522522,0.11347854,-0.8660254037844384,-0.5000000000000004,0.8064799463209448,-0.5912614448635781
2025-05-08 16:45:00,2.938452242754769,15.943748967890029,43.543603632486835,81.2891538519468,6.015739028506806,0.0,0.0,1.0,0.0,23.97,10.09,5.61,54.54,39.69588,0.11450353,-0.8660254037844384,-0.5000000000000004,0.8064799463209448,-0.5912614448635781
2025-05-08 17:00:00,0.0,0.0,35.21202750132981,86.43774990770261,0.0,0.0,0.0,1.0,0.0,22.69,10.92,13.16,63.71,35.86924,0.115528524,-0.9659258262890684,-0.2588190451025206,0.8064799463209448,-0.5912614448635781
2025-05-08 17:15:00,0.0,0.0,0.0,90.51661823581621,16.85201517511914,0.0,0.0,1.0,0.0,22.69,10.92,13.16,63.71,37.88871,0.13041554,-0.9659258262890684,-0.2588190451025206,0.8064799463209448,-0.5912614448635781
2025-05-08 17:30:00,3.6337481652203483,21.929411500797627,23.39897241599248,24.94429658511308,4.400061755791292,0.0,0.0,1.0,0.0,22.69,10.92,13.16,63.71,39.90818,0.14530256,-0.9659258262890684,-0.2588190451025206,0.8064799463209448,-0.5912614448635781
2025-05-08 17:45:00,0.0,24.077144602320047,10.867671547384552,0.0,8.283972482380843,0.0,0.0,1.0,0.0,22.69,10.92,13.16,63.71,41.927654,0.16018958,-0.9659258262890684,-0.2588190451025206,0.8064799463209448,-0.5912614448635781
2025-05-08 18:00:00,0.0,0.0,0.0,0.0,0.0,0.0,0.0,1.0,0.0,20.8,11.83,21.3,77.46,43.947124,0.1750766,-1.0,-1.8369701987210292e-16,0.8064799463209448,-0.5912614448635781
2025-05-08 18:15:00,0.0,0.0,0.0,0.0,0.0,0.0,0.0,1.0,0.0,20.8,11.83,21.3,77.46,45.648582,0.18768163,-1.0,-1.8369701987210292e-16,0.8064799463209448,-0.5912614448635781
2025-05-08 18:30:00,0.0,0.0,0.0,0.0,0.0,0.0,0.0,1.0,0.0,20.8,11.83,21.3,77.46,47.350044,0.20028666,-1.0,-1.8369701987210292e-16,0.8064799463209448,-0.5912614448635781
2025-05-08 18:45:00,0.0,0.0,0.0,0.0,0.0,0.0,0.0,1.0,0.0,20.8,11.83,21.3,77.46,49.051502,0.21289168,-1.0,-1.8369701987210292e-16,0.8064799463209448,-0.5912614448635781
2025-05-08 19:00:00,0.0,0.0,0.0,0.0,0.0,0.0,0.0,1.0,0.0,19.29,11.92,23.81,85.79,50.75296,0.22549671,-0.9659258262890684,0.2588190451025203,0.8064799463209448,-0.5912614448635781
2025-05-08 19:15:00,0.0,0.0,0.0,0.0,0.0,0.0,0.0,1.0,0.0,19.29,11.92,23.81,85.79,51.018795,0.2210194,-0.9659258262890684,0.2588190451025203,0.8064799463209448,-0.5912614448635781
2025-05-08 19:30:00,0.0,0.0,0.0,0.0,0.0,0.0,0.0,1.0,0.0,19.29,11.92,23.81,85.79,51.28463,0.2165421,-0.9659258262890684,0.2588190451025203,0.8064799463209448,-0.5912614448635781
2025-05-08 19:45:00,0.0,0.0,0.0,0.0,0.0,0.0,0.0,1.0,0.0,19.29,11.92,23.81,85.79,51.55046,0.21206479,-0.9659258262890684,0.2588190451025203,0.8064799463209448,-0.5912614448635781
2025-05-08 20:00:00,0.0,0.0,0.0,0.0,0.0,0.0,0.0,1.0,0.0,18.81,11.7,29.58,86.86,51.816296,0.20758748,-0.8660254037844386,0.5000000000000001,0.8064799463209448,-0.5912614448635781
2025-05-08 20:15:00,0.0,0.0,0.0,0.0,0.0,0.0,0.0,1.0,0.0,18.81,11.7,29.58,86.86,50.073944,0.1895705,-0.8660254037844386,0.5000000000000001,0.8064799463209448,-0.5912614448635781
2025-05-08 20:30:00,0.0,0.0,0.0,0.0,0.0,0.0,0.0,1.0,0.0,18.81,11.7,29.58,86.86,48.33159,0.17155352,-0.8660254037844386,0.5000000000000001,0.8064799463209448,-0.5912614448635781
2025-05-08 20:45:00,0.0,0.0,0.0,0.0,0.0,0.0,0.0,1.0,0.0,18.81,11.7,29.58,86.86,46.589233,0.15353654,-0.8660254037844386,0.5000000000000001,0.8064799463209448,-0.5912614448635781
2025-05-08 21:00:00,0.0,0.0,0.0,0.0,0.0,0.0,0.0,1.0,0.0,18.3,11.5,27.27,88.19,44.84688,0.13551956,-0.7071067811865477,0.7071067811865474,0.8064799463209448,-0.5912614448635781
2025-05-08 21:15:00,0.0,0.0,0.0,0.0,0.0,0.0,0.0,1.0,0.0,18.3,11.5,27.27,88.19,50.56484,0.12349138,-0.7071067811865477,0.7071067811865474,0.8064799463209448,-0.5912614448635781
2025-05-08 21:30:00,0.0,0.0,0.0,0.0,0.0,0.0,0.0,1.0,0.0,18.3,11.5,27.27,88.19,56.2828,0.11146319,-0.7071067811865477,0.7071067811865474,0.8064799463209448,-0.5912614448635781
2025-05-08 21:45:00,0.0,0.0,0.0,0.0,0.0,0.0,0.0,1.0,0.0,18.3,11.5,27.27,88.19,62.000755,0.099435,-0.7071067811865477,0.7071067811865474,0.8064799463209448,-0.5912614448635781
2025-05-08 22:00:00,0.0,0.0,0.0,0.0,0.0,0.0,0.0,1.0,0.0,17.75,11.38,18.85,90.33,67.71871,0.087406814,-0.5000000000000004,0.8660254037844384,0.8064799463209448,-0.5912614448635781
2025-05-08 22:15:00,0.0,0.0,0.0,0.0,0.0,0.0,0.0,1.0,0.0,17.75,11.38,18.85,90.33,72.58655,0.07754177,-0.5000000000000004,0.8660254037844384,0.8064799463209448,-0.5912614448635781
2025-05-08 22:30:00,0.0,0.0,0.0,0.0,0.0,0.0,0.0,1.0,0.0,17.75,11.38,18.85,90.33,77.45439,0.06767672,-0.5000000000000004,0.8660254037844384,0.8064799463209448,-0.5912614448635781
2025-05-08 22:45:00,0.0,0.0,0.0,0.0,0.0,0.0,0.0,1.0,0.0,17.75,11.38,18.85,90.33,82.32223,0.05781167,-0.5000000000000004,0.8660254037844384,0.8064799463209448,-0.5912614448635781
2025-05-08 23:00:00,0.0,0.0,0.0,0.0,0.0,0.0,0.0,1.0,0.0,17.02,11.46,13.99,95.2,87.19006,0.047946624,-0.2588190451025215,0.965925826289068,0.8064799463209448,-0.5912614448635781
2025-05-08 23:15:00,0.0,0.0,0.0,0.0,0.0,0.0,0.0,1.0,0.0,17.02,11.46,13.99,95.2,87.0918,0.048213206,-0.2588190451025215,0.965925826289068,0.8064799463209448,-0.5912614448635781
2025-05-08 23:30:00,0.0,0.0,0.0,0.0,0.0,0.0,0.0,1.0,0.0,17.02,11.46,13.99,95.2,86.99353,0.048479788,-0.2588190451025215,0.965925826289068,0.8064799463209448,-0.5912614448635781
2025-05-08 23:45:00,0.0,0.0,0.0,0.0,0.0,0.0,0.0,1.0,0.0,17.02,11.46,13.99,95.2,86.89527,0.048746366,-0.2588190451025215,0.965925826289068,0.8064799463209448,-0.5912614448635781
2025-05-09 00:00:00,0.0,0.0,0.0,0.0,0.0,0.0,0.0,1.0,0.0,16.71,11.33,17.55,95.92,86.797005,0.049012948,0.0,1.0,0.7961828637826158,-0.6050560696488488
2025-05-09 00:15:00,0.0,0.0,0.0,0.0,0.0,0.0,0.0,1.0,0.0,16.71,11.33,17.55,95.92,87.90641,0.06580531,0.0,1.0,0.7961828637826158,-0.6050560696488488
2025-05-09 00:30:00,0.0,0.0,0.0,0.0,0.0,0.0,0.0,1.0,0.0,16.71,11.33,17.55,95.92,89.015816,0.082597665,0.0,1.0,0.7961828637826158,-0.6050560696488488
2025-05-09 00:45:00,0.0,0.0,0.0,0.0,0.0,0.0,0.0,1.0,0.0,16.71,11.33,17.55,95.92,90.12522,0.09939003,0.0,1.0,0.7961828637826158,-0.6050560696488488
2025-05-09 01:00:00,0.0,0.0,0.0,0.0,0.0,0.0,0.0,1.0,0.0,16.45,11.28,19.12,97.03,91.23463,0.11618239,0.2588190451025207,0.9659258262890684,0.7961828637826158,-0.6050560696488488
2025-05-09 01:15:00,0.0,0.0,0.0,0.0,0.0,0.0,0.0,1.0,0.0,16.45,11.28,19.12,97.03,91.2059,0.11303137,0.2588190451025207,0.9659258262890684,0.7961828637826158,-0.6050560696488488
2025-05-09 01:30:00,0.0,0.0,0.0,0.0,0.0,0.0,0.0,1.0,0.0,16.45,11.28,19.12,97.03,91.17717,0.10988036,0.2588190451025207,0.9659258262890684,0.7961828637826158,-0.6050560696488488
2025-05-09 01:45:00,0.0,0.0,0.0,0.0,0.0,0.0,0.0,1.0,0.0,16.45,11.28,19.12,97.03,91.148445,0.10672934,0.2588190451025207,0.9659258262890684,0.7961828637826158,-0.6050560696488488
2025-05-09 02:00:00,0.0,0.0,0.0,0.0,0.0,0.0,0.0,1.0,0.0,16.24,11.19,23.03,97.51,91.11972,0.10357833,0.4999999999999999,0.8660254037844387,0.7961828637826158,-0.6050560696488488
2025-05-09 02:15:00,0.0,0.0,0.0,0.0,0.0,0.0,0.0,1.0,0.0,16.24,11.19,23.03,97.51,92.90852,0.112648234,0.4999999999999999,0.8660254037844387,0.7961828637826158,-0.6050560696488488
2025-05-09 02:30:00,0.0,0.0,0.0,0.0,0.0,0.0,0.0,1.0,0.0,16.24,11.19,23.03,97.51,94.69733,0.12171814,0.4999999999999999,0.8660254037844387,0.7961828637826158,-0.6050560696488488
2025-05-09 02:45:00,0.0,0.0,0.0,0.0,0.0,0.0,0.0,1.0,0.0,16.24,11.19,23.03,97.51,96.48612,0.13078804,0.4999999999999999,0.8660254037844387,0.7961828637826158,-0.6050560696488488
2025-05-09 03:00:00,0.0,0.0,0.0,0.0,0.0,0.0,0.0,1.0,0.0,16.03,11.09,25.21,97.89,98.274925,0.13985795,0.7071067811865475,0.7071067811865476,0.7961828637826158,-0.6050560696488488
2025-05-09 03:15:00,0.0,0.0,0.0,0.0,0.0,0.0,0.0,1.0,0.0,16.03,11.09,25.21,97.89,98.64128,0.12053774,0.7071067811865475,0.7071067811865476,0.7961828637826158,-0.6050560696488488
2025-05-09 03:30:00,0.0,0.0,0.0,0.0,0.0,0.0,0.0,1.0,0.0,16.03,11.09,25.21,97.89,99.00764,0.10121754,0.7071067811865475,0.7071067811865476,0.7961828637826158,-0.6050560696488488
2025-05-09 03:45:00,0.0,0.0,0.0,0.0,0.0,0.0,0.0,1.0,0.0,16.03,11.09,25.21,97.89,99.37399,0.08189733,0.7071067811865475,0.7071067811865476,0.7961828637826158,-0.6050560696488488
2025-05-09 04:00:00,0.0,0.0,0.0,0.0,0.0,0.0,0.0,1.0,0.0,15.85,10.99,25.91,98.1,99.74035,0.06257713,0.8660254037844386,0.5000000000000001,0.7961828637826158,-0.6050560696488488
2025-05-09 04:15:00,0.0,0.0,0.0,0.0,0.0,0.0,0.0,1.0,0.0,15.85,10.99,25.91,98.1,99.11408,0.076832965,0.8660254037844386,0.5000000000000001,0.7961828637826158,-0.6050560696488488
2025-05-09 04:30:00,0.0,0.0,0.0,0.0,0.0,0.0,0.0,1.0,0.0,15.85,10.99,25.91,98.1,98.48782,0.0910888,0.8660254037844386,0.5000000000000001,0.7961828637826158,-0.6050560696488488
2025-05-09 04:45:00,0.0,0.0,0.0,0.0,0.0,0.0,0.0,1.0,0.0,15.85,10.99,25.91,98.1,97.86156,0.10534464,0.8660254037844386,0.5000000000000001,0.7961828637826158,-0.6050560696488488
2025-05-09 05:00:00,0.0,0.0,0.0,0.0,0.0,0.0,0.0,1.0,0.0,15.75,10.91,19.01,97.98,97.23529,0.119600475,0.9659258262890684,0.2588190451025207,0.7961828637826158,-0.6050560696488488
2025-05-09 05:15:00,0.0,0.0,0.0,0.0,0.0,0.0,0.0,1.0,0.0,15.75,10.91,19.01,97.98,97.7931,0.102850646,0.9659258262890684,0.2588190451025207,0.7961828637826158,-0.6050560696488488
2025-05-09 05:30:00,0.0,0.0,0.0,0.0,0.0,0.0,0.0,1.0,0.0,15.75,10.91,19.01,97.98,98.35091,0.08610081,0.9659258262890684,0.2588190451025207,0.7961828637826158,-0.6050560696488488
2025-05-09 05:45:00,0.0,0.0,0.0,0.0,0.0,0.0,0.0,1.0,0.0,15.75,10.91,19.01,97.98,98.908714,0.06935098,0.9659258262890684,0.2588190451025207,0.7961828637826158,-0.6050560696488488
2025-05-09 06:00:00,11.945061189810076,0.0,0.0,41.7295390489843,0.0,0.0,0.0,1.0,0.0,15.76,10.87,12.69,97.56,99.46652,0.052601147,1.0,6.123233995736766e-17,0.7961828637826158,-0.6050560696488488
2025-05-09 06:15:00,4.978695649608591,0.0,0.0,32.85786321332735,14.610718507293434,0.0,0.0,1.0,0.0,15.76,10.87,12.69,97.56,99.55197,0.047044035,1.0,6.123233995736766e-17,0.7961828637826158,-0.6050560696488488
2025-05-09 06:30:00,17.61716348911085,0.0,20.147929077649405,52.024745027362606,11.129539855042296,0.0,0.0,1.0,0.0,15.76,10.87,12.69,97.56,99.63742,0.041486926,1.0,6.123233995736766e-17,0.7961828637826158,-0.6050560696488488
2025-05-09 06:45:00,0.0,1.6209168098121651,110.96160554624821,33.229718642948214,21.035001752438518,0.0,0.0,1.0,0.0,15.76,10.87,12.69,97.56,99.72288,0.035929814,1.0,6.123233995736766e-17,0.7961828637826158,-0.6050560696488488
2025-05-09 07:00:00,8.610631678478073,44.72595753507365,178.42028193207298,60.86262443827102,39.83503326118392,0.0,0.0,1.0,0.0,15.84,10.84,7.95,96.79,99.80833,0.030372702,0.9659258262890684,-0.2588190451025206,0.7961828637826158,-0.6050560696488488
2025-05-09 07:15:00,44.52456608102609,122.59121715151583,226.1515068132121,33.09290534662669,27.645792705164354,0.0,0.0,1.0,0.0,15.84,10.84,7.95,96.79,99.79908,0.027038379,0.9659258262890684,-0.2588190451025206,0.7961828637826158,-0.6050560696488488
2025-05-09 07:30:00,191.98835941607882,67.30748904199497,282.00856475489445,111.46590795695353,78.13576197823642,0.0,0.0,1.0,0.0,15.84,10.84,7.95,96.79,99.789825,0.023704056,0.9659258262890684,-0.2588190451025206,0.7961828637826158,-0.6050560696488488
2025-05-09 07:45:00,221.6798708287986,82.33085181901902,333.6922955981083,117.71404269689279,102.79766913267959,0.0,0.0,1.0,0.0,15.84,10.84,7.95,96.79,99.78058,0.020369733,0.9659258262890684,-0.2588190451025206,0.7961828637826158,-0.6050560696488488
2025-05-09 08:00:00,249.43308926906212,266.7569806843206,369.35418943791336,162.77433027995517,124.15631496560344,0.0,0.0,1.0,0.0,16.07,10.79,7.49,94.91,99.77133,0.01703541,0.8660254037844387,-0.4999999999999998,0.7961828637826158,-0.6050560696488488
2025-05-09 08:15:00,261.05111362051315,360.6682925688665,482.6211244760108,114.52376391645691,191.94645619434547,0.0,0.0,1.0,0.0,16.07,10.79,7.49,94.91,99.8285,0.023741089,0.8660254037844387,-0.4999999999999998,0.7961828637826158,-0.6050560696488488
2025-05-09 08:30:00,276.1382187260701,421.8690760467286,498.19355057208685,178.60314983087997,217.56835684739835,0.0,0.0,1.0,0.0,16.07,10.79,7.49,94.91,99.885666,0.030446766,0.8660254037844387,-0.4999999999999998,0.7961828637826158,-0.6050560696488488
2025-05-09 08:45:00,420.8127574339965,587.0946451667103,584.3720912076833,174.65114016411533,441.15317823710603,0.0,0.0,1.0,0.0,16.07,10.79,7.49,94.91,99.94283,0.037152443,0.8660254037844387,-0.4999999999999998,0.7961828637826158,-0.6050560696488488
2025-05-09 09:00:00,495.7553274534878,436.86560201182806,604.2403413743478,208.2063643894176,503.33752907769417,0.0,0.0,1.0,0.0,16.29,10.68,13.99,92.62,100.0,0.043858122,0.7071067811865476,-0.7071067811865475,0.7961828637826158,-0.6050560696488488
2025-05-09 09:15:00,515.896307100163,273.92290834006525,650.6483332432816,248.37970775973517,502.82015318144465,0.0,0.0,1.0,0.0,16.29,10.68,13.99,92.62,99.89669,0.051105864,0.7071067811865476,-0.7071067811865475,0.7961828637826158,-0.6050560696488488
2025-05-09 09:30:00,542.5759243701542,305.1185367388395,721.8341802796696,350.8337061363654,696.4497615229543,0.0,0.0,1.0,0.0,16.29,10.68,13.99,92.62,99.79338,0.05835361,0.7071067811865476,-0.7071067811865475,0.7961828637826158,-0.6050560696488488
2025-05-09 09:45:00,607.1283712108406,250.9561568175715,741.2534185124257,338.1750436467191,787.3823919790232,0.0,0.0,1.0,0.0,16.29,10.68,13.99,92.62,99.69006,0.06560135,0.7071067811865476,-0.7071067811865475,0.7961828637826158,-0.6050560696488488
2025-05-09 10:00:00,666.8389895170978,577.088271542635,776.2950973236674,622.0459474280977,793.4858388934681,0.0,0.0,1.0,0.0,16.15,10.47,24.51,91.62,99.586754,0.072849095,0.4999999999999999,-0.8660254037844387,0.7961828637826158,-0.6050560696488488
2025-05-09 10:15:00,689.1015560522163,515.6418463858822,827.4983024548343,729.0664527398781,814.285116706966,0.0,0.0,1.0,0.0,16.15,10.47,24.51,91.62,99.69006,0.075229496,0.4999999999999999,-0.8660254037844387,0.7961828637826158,-0.6050560696488488
2025-05-09 10:30:00,681.9478711539646,730.2044923158807,868.2665936655958,878.5617699295169,851.4038869397901,0.0,0.0,1.0,0.0,16.15,10.47,24.51,91.62,99.79338,0.0776099,0.4999999999999999,-0.8660254037844387,0.7961828637826158,-0.6050560696488488
2025-05-09 10:45:00,730.3505076084339,784.9809098877706,860.2382985190179,868.4329315198937,865.1161830934343,0.0,0.0,1.0,0.0,16.15,10.47,24.51,91.62,99.89669,0.0799903,0.4999999999999999,-0.8660254037844387,0.7961828637826158,-0.6050560696488488
2025-05-09 11:00:00,753.9755485038838,797.3843021647823,856.9755435945781,921.3415562659926,911.6568170325446,0.0,0.0,1.0,0.0,15.51,9.93,12.48,90.57,100.0,0.0823707,0.258819045102521,-0.9659258262890682,0.7961828637826158,-0.6050560696488488
2025-05-09 11:15:00,745.6777160920194,783.9940891132713,892.2301805946996,933.6440032711723,894.2149574062066,0.0,0.0,1.0,0.0,15.51,9.93,12.48,90.57,99.95208,0.09008232,0.258819045102521,-0.9659258262890682,0.7961828637826158,-0.6050560696488488
2025-05-09 11:30:00,741.0249682947267,780.501728357936,866.7316035731099,968.0273894780032,909.5861662851626,0.0,0.0,1.0,0.0,15.51,9.93,12.48,90.57,99.90416,0.09779394,0.258819045102521,-0.9659258262890682,0.7961828637826158,-0.6050560696488488
2025-05-09 11:45:00,725.6157087416034,791.7744912691021,867.0713976563778,925.9050231880477,929.8846131747456,0.0,0.0,1.0,0.0,15.51,9.93,12.48,90.57,99.85625,0.105505556,0.258819045102521,-0.9659258262890682,0.7961828637826158,-0.6050560696488488
2025-05-09 12:00:00,722.3481057796371,774.2167201818995,871.4108220902614,897.2710902473351,907.719052970052,0.0,0.0,1.0,0.0,14.91,9.09,0.65,86.25,99.80833,0.113217175,1.2246467991473532e-16,-1.0,0.7961828637826158,-0.6050560696488488
2025-05-09 12:15:00,750.9697636898487,805.0657661144586,872.7101761112576,810.7686297764833,923.2171005392507,0.0,0.0,1.0,0.0,14.91,9.09,0.65,86.25,98.99269,0.17031172,1.2246467991473532e-16,-1.0,0.7961828637826158,-0.6050560696488488
2025-05-09 12:30:00,741.7957173412425,767.1744057667574,827.9048463314027,792.8961661479855,858.9252308203319,0.0,0.0,1.0,0.0,14.91,9.09,0.65,86.25,98.17706,0.22740626,1.2246467991473532e-16,-1.0,0.7961828637826158,-0.6050560696488488
2025-05-09 12:45:00,729.287418347651,715.5924247903629,852.8456737016936,621.593723899676,863.8055438130314,0.0,0.0,1.0,0.0,14.91,9.09,0.65,86.25,97.36143,0.2845008,1.2246467991473532e-16,-1.0,0.7961828637826158,-0.6050560696488488
2025-05-09 13:00:00,678.8087181875663,729.2065388483454,798.9233038978674,630.2385277729788,833.5316843366363,0.0,0.0,1.0,0.0,15.37,8.38,0.03,77.26,96.54579,0.34159535,-0.2588190451025208,-0.9659258262890684,0.7961828637826158,-0.6050560696488488
2025-05-09 13:15:00,680.18257437086,711.6666557571685,766.2701830102402,542.3751739531602,821.818322624562,0.0,0.0,1.0,0.0,15.37,8.38,0.03,77.26,97.40935,0.36970192,-0.2588190451025208,-0.9659258262890684,0.7961828637826158,-0.6050560696488488
2025-05-09 13:30:00,626.3230220024824,677.989711258173,709.8446979754152,854.3304931799864,769.6034603110323,0.0,0.0,1.0,0.0,15.37,8.38,0.03,77.26,98.272896,0.39780852,-0.2588190451025208,-0.9659258262890684,0.7961828637826158,-0.6050560696488488
2025-05-09 13:45:00,607.3001807833517,601.8451867269102,702.8684419266984,843.996313068185,727.4685732752877,0.0,0.0,1.0,0.0,15.37,8.38,0.03,77.26,99.136444,0.42591512,-0.2588190451025208,-0.9659258262890684,0.7961828637826158,-0.6050560696488488
2025-05-09 14:00:00,519.8748011038626,596.5669208453214,640.3338774336364,809.9148062204777,697.2592211628735,0.0,0.0,1.0,0.0,15.69,7.85,0.03,70.97,100.0,0.4540217,-0.4999999999999997,-0.8660254037844388,0.7961828637826158,-0.6050560696488488
2025-05-09 14:15:00,472.514944506622,523.1695931390792,620.339585227574,741.3066046281418,641.6027795704098,0.0,0.0,1.0,0.0,15.69,7.85,0.03,70.97,100.0,0.4553185,-0.4999999999999997,-0.8660254037844388,0.7961828637826158,-0.6050560696488488
2025-05-09 14:30:00,457.3378947039928,470.11177404086453,551.7792557004899,739.2291642703528,583.0775609893102,0.0,0.0,1.0,0.0,15.69,7.85,0.03,70.97,100.0,0.45661533,-0.4999999999999997,-0.8660254037844388,0.7961828637826158,-0.6050560696488488
2025-05-09 14:45:00,418.32100731777484,421.36328864825435,530.8274727391961,545.1475794100783,531.5214833793322,0.0,0.0,1.0,0.0,15.69,7.85,0.03,70.97,100.0,0.45791215,-0.4999999999999997,-0.8660254037844388,0.7961828637826158,-0.6050560696488488
2025-05-09 15:00:00,334.0504930040224,367.64915084001564,391.99526875288194,343.59995289232035,408.15613752140007,0.0,0.0,1.0,0.0,15.14,7.43,0.04,69.63,100.0,0.45920897,-0.7071067811865471,-0.7071067811865479,0.7961828637826158,-0.6050560696488488
2025-05-09 15:15:00,280.0485014450256,295.35190404172016,76.28571456457583,268.6654399865481,130.84118564764404,0.0,0.0,1.0,0.0,15.14,7.43,0.04,69.63,100.0,0.5351265,-0.7071067811865471,-0.7071067811865479,0.7961828637826158,-0.6050560696488488
2025-05-09 15:30:00,43.22289684980119,84.42107889476708,107.01990332570118,281.9632117282893,106.14106369099882,0.0,0.0,1.0,0.0,15.14,7.43,0.04,69.63,100.0,0.61104405,-0.7071067811865471,-0.7071067811865479,0.7961828637826158,-0.6050560696488488
2025-05-09 15:45:00,27.352038543362696,30.02302985843387,20.549592063561807,183.17816015284038,38.58502957293947,0.0,0.0,1.0,0.0,15.14,7.43,0.04,69.63,100.0,0.68696153,-0.7071067811865471,-0.7071067811865479,0.7961828637826158,-0.6050560696488488
2025-05-09 16:00:00,27.490977813735665,42.08658637909922,7.4851830981383145,96.32710406177443,24.991465647185372,0.0,0.0,1.0,0.0,14.63,7.16,0.03,69.39,100.0,0.7628791,-0.8660254037844384,-0.5000000000000004,0.7961828637826158,-0.6050560696488488
2025-05-09 16:15:00,0.0,18.036276729094368,1.597482732833651,127.21964946361221,54.8548547982711,0.0,0.0,1.0,0.0,14.63,7.16,0.03,69.39,99.941055,0.79844123,-0.8660254037844384,-0.5000000000000004,0.7961828637826158,-0.6050560696488488
2025-05-09 16:30:00,15.519998318833316,19.812579782570047,15.422263903032187,105.59421325364323,12.85258712612706,0.0,0.0,1.0,0.0,14.63,7.16,0.03,69.39,99.88212,0.83400345,-0.8660254037844384,-0.5000000000000004,0.7961828637826158,-0.6050560696488488
2025-05-09 16:45:00,0.0,7.7032279556739525,1.0313377241306547,94.1353427527629,3.0012085013721865,0.0,0.0,1.0,0.0,14.63,7.16,0.03,69.39,99.82318,0.8695656,-0.8660254037844384,-0.5000000000000004,0.7961828637826158,-0.6050560696488488
2025-05-09 17:00:00,0.28294557816134264,13.017081268218117,11.022545467844578,94.16185274016061,6.0681408165382,0.0,0.0,1.0,0.0,13.99,7.0,0.06,70.76,99.76424,0.90512776,-0.9659258262890684,-0.2588190451025206,0.7961828637826158,-0.6050560696488488
2025-05-09 17:15:00,0.0,0.0,32.74114046313733,56.538371540382414,24.43747529640566,0.0,0.0,1.0,0.0,13.99,7.0,0.06,70.76,99.82318,0.83266604,-0.9659258262890684,-0.2588190451025206,0.7961828637826158,-0.6050560696488488
2025-05-09 17:30:00,16.969415185651485,0.0,0.0,45.42966282284595,0.0,0.0,0.0,1.0,0.0,13.99,7.0,0.06,70.76,99.88212,0.7602043,-0.9659258262890684,-0.2588190451025206,0.7961828637826158,-0.6050560696488488
2025-05-09 17:45:00,38.378455025313094,5.488858488354513,0.0,42.85068675027957,0.0,0.0,0.0,1.0,0.0,13.99,7.0,0.06,70.76,99.941055,0.68774265,-0.9659258262890684,-0.2588190451025206,0.7961828637826158,-0.6050560696488488
2025-05-09 18:00:00,0.0,0.0,0.0,0.0,0.0,0.0,0.0,1.0,0.0,13.13,6.93,0.06,74.13,100.0,0.6152809,-1.0,-1.8369701987210292e-16,0.7961828637826158,-0.6050560696488488
2025-05-09 18:15:00,0.0,0.0,0.0,0.0,0.0,0.0,0.0,1.0,0.0,13.13,6.93,0.06,74.13,99.98753,0.5493467,-1.0,-1.8369701987210292e-16,0.7961828637826158,-0.6050560696488488
2025-05-09 18:30:00,0.0,0.0,0.0,0.0,0.0,0.0,0.0,1.0,0.0,13.13,6.93,0.06,74.13,99.97506,0.4834125,-1.0,-1.8369701987210292e-16,0.7961828637826158,-0.6050560696488488
2025-05-09 18:45:00,0.0,0.0,0.0,0.0,0.0,0.0,0.0,1.0,0.0,13.13,6.93,0.06,74.13,99.962585,0.4174783,-1.0,-1.8369701987210292e-16,0.7961828637826158,-0.6050560696488488
2025-05-09 19:00:00,0.0,0.0,0.0,0.0,0.0,0.0,0.0,1.0,0.0,12.01,6.94,0.0,79.96,99.95012,0.35154408,-0.9659258262890684,0.2588190451025203,0.7961828637826158,-0.6050560696488488
2025-05-09 19:15:00,0.0,0.0,0.0,0.0,0.0,0.0,0.0,1.0,0.0,12.01,6.94,0.0,79.96,98.37544,0.30623677,-0.9659258262890684,0.2588190451025203,0.7961828637826158,-0.6050560696488488
2025-05-09 19:30:00,0.0,0.0,0.0,0.0,0.0,0.0,0.0,1.0,0.0,12.01,6.94,0.0,79.96,96.80077,0.26092947,-0.9659258262890684,0.2588190451025203,0.7961828637826158,-0.6050560696488488
2025-05-09 19:45:00,0.0,0.0,0.0,0.0,0.0,0.0,0.0,1.0,0.0,12.01,6.94,0.0,79.96,95.226105,0.21562216,-0.9659258262890684,0.2588190451025203,0.7961828637826158,-0.6050560696488488
2025-05-09 20:00:00,0.0,0.0,0.0,0.0,0.0,0.0,0.0,1.0,0.0,11.12,6.89,0.0,84.27,93.65143,0.17031485,-0.8660254037844386,0.5000000000000001,0.7961828637826158,-0.6050560696488488
2025-05-09 20:15:00,0.0,0.0,0.0,0.0,0.0,0.0,0.0,1.0,0.0,11.12,6.89,0.0,84.27,91.082405,0.16732353,-0.8660254037844386,0.5000000000000001,0.7961828637826158,-0.6050560696488488
2025-05-09 20:30:00,0.0,0.0,0.0,0.0,0.0,0.0,0.0,1.0,0.0,11.12,6.89,0.0,84.27,88.51338,0.16433221,-0.8660254037844386,0.5000000000000001,0.7961828637826158,-0.6050560696488488
2025-05-09 20:45:00,0.0,0.0,0.0,0.0,0.0,0.0,0.0,1.0,0.0,11.12,6.89,0.0,84.27,85.94435,0.16134089,-0.8660254037844386,0.5000000000000001,0.7961828637826158,-0.6050560696488488
2025-05-09 21:00:00,0.0,0.0,0.0,0.0,0.0,0.0,0.0,1.0,0.0,10.61,6.8,0.0,86.07,83.37533,0.15834957,-0.7071067811865477,0.7071067811865474,0.7961828637826158,-0.6050560696488488
2025-05-09 21:15:00,0.0,0.0,0.0,0.0,0.0,0.0,0.0,1.0,0.0,10.61,6.8,0.0,86.07,86.48392,0.1705022,-0.7071067811865477,0.7071067811865474,0.7961828637826158,-0.6050560696488488
2025-05-09 21:30:00,0.0,0.0,0.0,0.0,0.0,0.0,0.0,1.0,0.0,10.61,6.8,0.0,86.07,89.5925,0.18265483,-0.7071067811865477,0.7071067811865474,0.7961828637826158,-0.6050560696488488
2025-05-09 21:45:00,0.0,0.0,0.0,0.0,0.0,0.0,0.0,1.0,0.0,10.61,6.8,0.0,86.07,92.70109,0.19480745,-0.7071067811865477,0.7071067811865474,0.7961828637826158,-0.6050560696488488
2025-05-09 22:00:00,0.0,0.0,0.0,0.0,0.0,0.0,0.0,1.0,0.0,10.25,6.72,0.0,87.14,95.80968,0.20696008,-0.5000000000000004,0.8660254037844384,0.7961828637826158,-0.6050560696488488
2025-05-09 22:15:00,0.0,0.0,0.0,0.0,0.0,0.0,0.0,1.0,0.0,10.25,6.72,0.0,87.14,89.56175,0.17997998,-0.5000000000000004,0.8660254037844384,0.7961828637826158,-0.6050560696488488
2025-05-09 22:30:00,0.0,0.0,0.0,0.0,0.0,0.0,0.0,1.0,0.0,10.25,6.72,0.0,87.14,83.31382,0.15299988,-0.5000000000000004,0.8660254037844384,0.7961828637826158,-0.6050560696488488
2025-05-09 22:45:00,0.0,0.0,0.0,0.0,0.0,0.0,0.0,1.0,0.0,10.25,6.72,0.0,87.14,77.06589,0.12601978,-0.5000000000000004,0.8660254037844384,0.7961828637826158,-0.6050560696488488
2025-05-09 23:00:00,0.0,0.0,0.0,0.0,0.0,0.0,0.0,1.0,0.0,9.75,6.67,0.0,89.44,70.81796,0.099039674,-0.2588190451025215,0.965925826289068,0.7961828637826158,-0.6050560696488488
2025-05-09 23:15:00,0.0,0.0,0.0,0.0,0.0,0.0,0.0,1.0,0.0,9.75,6.67,0.0,89.44,59.45187,0.09131053,-0.2588190451025215,0.965925826289068,0.7961828637826158,-0.6050560696488488
2025-05-09 23:30:00,0.0,0.0,0.0,0.0,0.0,0.0,0.0,1.0,0.0,9.75,6.67,0.0,89.44,48.085777,0.08358139,-0.2588190451025215,0.965925826289068,0.7961828637826158,-0.6050560696488488
2025-05-09 23:45:00,0.0,0.0,0.0,0.0,0.0,0.0,0.0,1.0,0.0,9.75,6.67,0.0,89.44,36.719685,0.075852245,-0.2588190451025215,0.965925826289068,0.7961828637826158,-0.6050560696488488
2025-05-10 00:00:00,0.0,0.0,0.0,0.0,0.0,0.0,0.0,1.0,0.0,9.32,6.69,0.0,92.3,25.353592,0.0681231,0.0,1.0,0.7856498550787147,-0.6186714032625031
2025-05-10 00:15:00,0.0,0.0,0.0,0.0,0.0,0.0,0.0,1.0,0.0,9.32,6.69,0.0,92.3,28.423973,0.06897694,0.0,1.0,0.7856498550787147,-0.6186714032625031
2025-05-10 00:30:00,0.0,0.0,0.0,0.0,0.0,0.0,0.0,1.0,0.0,9.32,6.69,0.0,92.3,31.494352,0.069830775,0.0,1.0,0.7856498550787147,-0.6186714032625031
2025-05-10 00:45:00,0.0,0.0,0.0,0.0,0.0,0.0,0.0,1.0,0.0,9.32,6.69,0.0,92.3,34.56473,0.07068461,0.0,1.0,0.7856498550787147,-0.6186714032625031
2025-05-10 01:00:00,0.0,0.0,0.0,0.0,0.0,0.0,0.0,1.0,0.0,9.11,6.82,0.0,95.41,37.635113,0.07153845,0.2588190451025207,0.9659258262890684,0.7856498550787147,-0.6186714032625031
2025-05-10 01:15:00,0.0,0.0,0.0,0.0,0.0,0.0,0.0,1.0,0.0,9.11,6.82,0.0,95.41,34.932106,0.06257338,0.2588190451025207,0.9659258262890684,0.7856498550787147,-0.6186714032625031
2025-05-10 01:30:00,0.0,0.0,0.0,0.0,0.0,0.0,0.0,1.0,0.0,9.11,6.82,0.0,95.41,32.229095,0.05360832,0.2588190451025207,0.9659258262890684,0.7856498550787147,-0.6186714032625031
2025-05-10 01:45:00,0.0,0.0,0.0,0.0,0.0,0.0,0.0,1.0,0.0,9.11,6.82,0.0,95.41,29.526089,0.044643253,0.2588190451025207,0.9659258262890684,0.7856498550787147,-0.6186714032625031
2025-05-10 02:00:00,0.0,0.0,0.0,0.0,0.0,0.0,0.0,1.0,0.0,9.07,6.88,0.0,96.51,26.82308,0.03567819,0.4999999999999999,0.8660254037844387,0.7856498550787147,-0.6186714032625031
2025-05-10 02:15:00,0.0,0.0,0.0,0.0,0.0,0.0,0.0,1.0,0.0,9.07,6.88,0.0,96.51,26.90841,0.03292113,0.4999999999999999,0.8660254037844387,0.7856498550787147,-0.6186714032625031
2025-05-10 02:30:00,0.0,0.0,0.0,0.0,0.0,0.0,0.0,1.0,0.0,9.07,6.88,0.0,96.51,26.993736,0.030164072,0.4999999999999999,0.8660254037844387,0.7856498550787147,-0.6186714032625031
2025-05-10 02:45:00,0.0,0.0,0.0,0.0,0.0,0.0,0.0,1.0,0.0,9.07,6.88,0.0,96.51,27.079065,0.027407013,0.4999999999999999,0.8660254037844387,0.7856498550787147,-0.6186714032625031
2025-05-10 03:00:00,0.0,0.0,0.0,0.0,0.0,0.0,0.0,1.0,0.0,9.01,6.79,0.0,95.65,27.164394,0.024649955,0.7071067811865475,0.7071067811865476,0.7856498550787147,-0.6186714032625031
2025-05-10 03:15:00,0.0,0.0,0.0,0.0,0.0,0.0,0.0,1.0,0.0,9.01,6.79,0.0,95.65,23.989162,0.022073625,0.7071067811865475,0.7071067811865476,0.7856498550787147,-0.6186714032625031
2025-05-10 03:30:00,0.0,0.0,0.0,0.0,0.0,0.0,0.0,1.0,0.0,9.01,6.79,0.0,95.65,20.81393,0.019497294,0.7071067811865475,0.7071067811865476,0.7856498550787147,-0.6186714032625031
2025-05-10 03:45:00,0.0,0.0,0.0,0.0,0.0,0.0,0.0,1.0,0.0,9.01,6.79,0.0,95.65,17.638699,0.016920963,0.7071067811865475,0.7071067811865476,0.7856498550787147,-0.6186714032625031
2025-05-10 04:00:00,0.0,0.0,0.0,0.0,0.0,0.0,0.0,1.0,0.0,8.87,6.5,0.0,92.48,14.463467,0.014344633,0.8660254037844386,0.5000000000000001,0.7856498550787147,-0.6186714032625031
2025-05-10 04:15:00,0.0,0.0,0.0,0.0,0.0,0.0,0.0,1.0,0.0,8.87,6.5,0.0,92.48,15.736784,0.011528088,0.8660254037844386,0.5000000000000001,0.7856498550787147,-0.6186714032625031
2025-05-10 04:30:00,0.0,0.0,0.0,0.0,0.0,0.0,0.0,1.0,0.0,8.87,6.5,0.0,92.48,17.010101,0.008711543,0.8660254037844386,0.5000000000000001,0.7856498550787147,-0.6186714032625031
2025-05-10 04:45:00,0.0,0.0,0.0,0.0,0.0,0.0,0.0,1.0,0.0,8.87,6.5,0.0,92.48,18.283419,0.005894997,0.8660254037844386,0.5000000000000001,0.7856498550787147,-0.6186714032625031
2025-05-10 05:00:00,0.0,0.0,0.0,0.0,0.0,0.0,0.0,1.0,0.0,8.91,6.16,0.0,87.45,19.556736,0.0030784523,0.9659258262890684,0.2588190451025207,0.7856498550787147,-0.6186714032625031
2025-05-10 05:15:00,0.0,0.0,0.0,0.0,0.0,0.0,0.0,1.0,0.0,8.91,6.16,0.0,87.45,17.162615,0.0024821844,0.9659258262890684,0.2588190451025207,0.7856498550787147,-0.6186714032625031
2025-05-10 05:30:00,0.0,0.0,0.0,0.0,0.0,0.0,0.0,1.0,0.0,8.91,6.16,0.0,87.45,14.768493,0.0018859167,0.9659258262890684,0.2588190451025207,0.7856498550787147,-0.6186714032625031
2025-05-10 05:45:00,0.0,0.0,0.0,0.0,0.0,0.0,0.0,1.0,0.0,8.91,6.16,0.0,87.45,12.374371,0.0012896489,0.9659258262890684,0.2588190451025207,0.7856498550787147,-0.6186714032625031
2025-05-10 06:00:00,0.0,0.0,0.0,41.15728181201415,0.0,0.0,0.0,1.0,0.0,10.42,6.07,0.0,77.89,9.980249,0.00069338107,1.0,6.123233995736766e-17,0.7856498550787147,-0.6186714032625031
2025-05-10 06:15:00,0.0,0.0,44.13932978793767,36.520155571605045,13.66349816343765,0.0,0.0,1.0,0.0,10.42,6.07,0.0,77.89,8.418056,0.0005621473,1.0,6.123233995736766e-17,0.7856498550787147,-0.6186714032625031
2025-05-10 06:30:00,5.474424774523066,6.552945254227931,49.44670715084353,9.167133105595806,0.0,0.0,0.0,1.0,0.0,10.42,6.07,0.0,77.89,6.8558617,0.0004309135,1.0,6.123233995736766e-17,0.7856498550787147,-0.6186714032625031
2025-05-10 06:45:00,0.0,17.251785817961085,97.8281443103509,29.39883790618781,21.306113162297162,0.0,0.0,1.0,0.0,10.42,6.07,0.0,77.89,5.2936673,0.0002996797,1.0,6.123233995736766e-17,0.7856498550787147,-0.6186714032625031
2025-05-10 07:00:00,0.0,36.72374752641916,174.10856494800504,69.1666058025703,19.21910868956277,0.0,0.0,1.0,0.0,12.55,5.89,0.0,65.68,3.7314734,0.00016844591,0.9659258262890684,-0.2588190451025206,0.7856498550787147,-0.6186714032625031
2025-05-10 07:15:00,45.29975828615483,78.86370842208581,229.07474788343632,82.89812542530944,33.0984898196331,0.0,0.0,1.0,0.0,12.55,5.89,0.0,65.68,2.798605,0.00013610031,0.9659258262890684,-0.2588190451025206,0.7856498550787147,-0.6186714032625031
2025-05-10 07:30:00,155.51497310676518,71.86406035480323,276.74973290321,94.51762047681446,87.27616410438338,0.0,0.0,1.0,0.0,12.55,5.89,0.0,65.68,1.8657367,0.00010375471,0.9659258262890684,-0.2588190451025206,0.7856498550787147,-0.6186714032625031
2025-05-10 07:45:00,224.53683644931914,86.10201881242224,358.65585416257,123.78071307487812,115.22325492055035,0.0,0.0,1.0,0.0,12.55,5.89,0.0,65.68,0.93286836,7.140911e-05,0.9659258262890684,-0.2588190451025206,0.7856498550787147,-0.6186714032625031
2025-05-10 08:00:00,267.3730660522097,268.04302853615707,395.4699289116109,123.98878905810642,127.13866685696877,0.0,0.0,1.0,0.0,14.5,5.68,0.0,55.82,0.0,3.906351e-05,0.8660254037844387,-0.4999999999999998,0.7856498550787147,-0.6186714032625031
2025-05-10 08:15:00,279.76334610366325,352.93996013094454,465.9063173844605,145.89150477425653,144.64200615637543,0.0,0.0,1.0,0.0,14.5,5.68,0.0,55.82,0.0,3.8452275e-05,0.8660254037844387,-0.4999999999999998,0.7856498550787147,-0.6186714032625031
2025-05-10 08:30:00,283.6583677864593,430.4161452791493,560.8001976017121,201.9347319957972,203.97916460686963,0.0,0.0,1.0,0.0,14.5,5.68,0.0,55.82,0.0,3.784104e-05,0.8660254037844387,-0.4999999999999998,0.7856498550787147,-0.6186714032625031
2025-05-10 08:45:00,425.0860928575655,586.545749493884,584.772199004704,219.35499222160382,489.1664138333358,0.0,0.0,1.0,0.0,14.5,5.68,0.0,55.82,0.0,3.7229805e-05,0.8660254037844387,-0.4999999999999998,0.7856498550787147,-0.6186714032625031
2025-05-10 09:00:00,477.3877845598714,451.6646876026504,605.855580104453,219.95737692737538,525.9935790418295,0.0,0.0,1.0,0.0,16.13,5.51,0.0,48.78,0.0,3.661857e-05,0.7071067811865476,-0.7071067811865475,0.7856498550787147,-0.6186714032625031
2025-05-10 09:15:00,523.0575656168376,286.0100174294132,639.9372827085863,256.0055395799095,533.7706358447774,0.0,0.0,1.0,0.0,16.13,5.51,0.0,48.78,0.0,2.7463928e-05,0.7071067811865476,-0.7071067811865475,0.7856498550787147,-0.6186714032625031
2025-05-10 09:30:00,598.5328095733026,330.683787677315,719.3680886806876,333.36374884793,690.5984084142602,0.0,0.0,1.0,0.0,16.13,5.51,0.0,48.78,0.0,1.8309285e-05,0.7071067811865476,-0.7071067811865475,0.7856498550787147,-0.6186714032625031
2025-05-10 09:45:00,629.4861777861095,232.98433488836957,754.955690899438,340.2204124221844,788.4286411930242,0.0,0.0,1.0,0.0,16.13,5.51,0.0,48.78,0.0,9.154643e-06,0.7071067811865476,-0.7071067811865475,0.7856498550787147,-0.6186714032625031
2025-05-10 10:00:00,671.3954100346331,549.8674344702104,808.4817815552916,612.9439741423043,803.6839799286793,0.0,0.0,1.0,0.0,17.45,5.42,0.0,44.12,0.0,0.0,0.4999999999999999,-0.8660254037844387,0.7856498550787147,-0.6186714032625031
2025-05-10 10:15:00,659.4643974718335,522.1260797001776,835.9110881988008,678.4467681350277,840.9239173233937,0.0,0.0,1.0,0.0,17.45,5.42,0.0,44.12,0.0,0.0,0.4999999999999999,-0.8660254037844387,0.7856498550787147,-0.6186714032625031
2025-05-10 10:30:00,677.6272592719463,759.5770319004015,859.8249223925254,887.4317935250068,860.9369584337755,0.0,0.0,1.0,0.0,17.45,5.42,0.0,44.12,0.0,0.0,0.4999999999999999,-0.8660254037844387,0.7856498550787147,-0.6186714032625031
2025-05-10 10:45:00,710.5259685853212,775.1321318218882,866.710253190006,873.1772548524017,876.4427480360245,0.0,0.0,1.0,0.0,17.45,5.42,0.0,44.12,0.0,0.0,0.4999999999999999,-0.8660254037844387,0.7856498550787147,-0.6186714032625031
2025-05-10 11:00:00,763.402695021364,796.0960686425498,849.1307094815968,927.2028847882987,908.5466053847259,0.0,0.0,1.0,0.0,18.48,5.48,0.0,41.8,0.0,0.0,0.258819045102521,-0.9659258262890682,0.7856498550787147,-0.6186714032625031
2025-05-10 11:15:00,732.7531639713015,788.7744439230172,874.4734262045592,910.173365068333,898.1164690171053,0.0,0.0,1.0,0.0,18.48,5.48,0.0,41.8,0.0,8.543404e-06,0.258819045102521,-0.9659258262890682,0.7856498550787147,-0.6186714032625031
2025-05-10 11:30:00,728.0718446173178,763.8319608357874,850.5130723647474,958.6635163003433,939.2829899776397,0.0,0.0,1.0,0.0,18.48,5.48,0.0,41.8,0.0,1.7086808e-05,0.258819045102521,-0.9659258262890682,0.7856498550787147,-0.6186714032625031
2025-05-10 11:45:00,731.4477799996623,760.7104996986159,873.0135607555276,915.9989153638645,920.9330626367549,0.0,0.0,1.0,0.0,18.48,5.48,0.0,41.8,0.0,2.5630212e-05,0.258819045102521,-0.9659258262890682,0.7856498550787147,-0.6186714032625031
2025-05-10 12:00:00,784.6890679517757,802.422810452029,874.796437155082,859.3405204216992,912.0008086561991,0.0,0.0,1.0,0.0,19.41,5.71,0.0,41.08,0.0,3.4173616e-05,1.2246467991473532e-16,-1.0,0.7856498550787147,-0.6186714032625031
2025-05-10 12:15:00,729.0977420308936,765.7792796176091,849.8543868312272,839.920442881055,906.141588063906,0.0,0.0,1.0,0.0,19.41,5.71,0.0,41.08,0.0,2.5630212e-05,1.2246467991473532e-16,-1.0,0.7856498550787147,-0.6186714032625031
2025-05-10 12:30:00,701.9358493631477,757.678564176957,834.463939274251,804.4921024023457,859.665136419243,0.0,0.0,1.0,0.0,19.41,5.71,0.0,41.08,0.0,1.7086808e-05,1.2246467991473532e-16,-1.0,0.7856498550787147,-0.6186714032625031
2025-05-10 12:45:00,711.8023095419571,763.2875740711299,827.7905069796047,599.090548141462,853.5406400478964,0.0,0.0,1.0,0.0,19.41,5.71,0.0,41.08,0.0,8.543404e-06,1.2246467991473532e-16,-1.0,0.7856498550787147,-0.6186714032625031
2025-05-10 13:00:00,729.9167184215539,713.7445224849556,815.9440103645126,597.0635440363337,833.4380822515836,0.0,0.0,1.0,0.0,20.22,5.95,0.0,40.69,0.0,0.0,-0.2588190451025208,-0.9659258262890684,0.7856498550787147,-0.6186714032625031
2025-05-10 13:15:00,676.7030502811807,699.6495285335022,756.3859107118517,546.7870217152528,800.573309573869,0.0,0.0,1.0,0.0,20.22,5.95,0.0,40.69,0.0,0.0,-0.2588190451025208,-0.9659258262890684,0.7856498550787147,-0.6186714032625031
2025-05-10 13:30:00,626.9893989339079,644.5893889999263,746.4131697218353,870.9174873278718,752.2173599257789,0.0,0.0,1.0,0.0,20.22,5.95,0.0,40.69,0.0,0.0,-0.2588190451025208,-0.9659258262890684,0.7856498550787147,-0.6186714032625031
2025-05-10 13:45:00,602.1591618775185,620.5961475471,697.0755026561213,854.5558380696014,742.8480379490269,0.0,0.0,1.0,0.0,20.22,5.95,0.0,40.69,0.0,0.0,-0.2588190451025208,-0.9659258262890684,0.7856498550787147,-0.6186714032625031
2025-05-10 14:00:00,534.7536012034913,583.2732957562237,643.6051413619158,796.4385497960701,689.6972314813141,0.0,0.0,1.0,0.0,20.73,6.12,0.0,40.55,0.0,0.0,-0.4999999999999997,-0.8660254037844388,0.7856498550787147,-0.6186714032625031
2025-05-10 14:15:00,488.91046263268794,552.4334106330425,640.5609808933602,715.2983250772579,641.586714683507,0.0,0.0,1.0,0.0,20.73,6.12,0.0,40.55,0.0,0.0,-0.4999999999999997,-0.8660254037844388,0.7856498550787147,-0.6186714032625031
2025-05-10 14:30:00,453.8045264914098,473.5137080037627,588.4134597863418,712.1957521831218,614.3949943682152,0.0,0.0,1.0,0.0,20.73,6.12,0.0,40.55,0.0,0.0,-0.4999999999999997,-0.8660254037844388,0.7856498550787147,-0.6186714032625031
2025-05-10 14:45:00,412.80288270247144,416.47242667957596,489.4254563790859,551.8304788394857,527.7540440720376,0.0,0.0,1.0,0.0,20.73,6.12,0.0,40.55,0.0,0.0,-0.4999999999999997,-0.8660254037844388,0.7856498550787147,-0.6186714032625031
2025-05-10 15:00:00,347.0308102682059,337.661388096656,350.85249942438236,321.42876028384995,391.0154418148762,0.0,0.0,1.0,0.0,20.86,6.3,0.0,41.42,0.0,0.0,-0.7071067811865471,-0.7071067811865479,0.7856498550787147,-0.6186714032625031
2025-05-10 15:15:00,308.33269099980714,287.91267576200386,62.72269564532577,285.18728745780203,121.32141369342649,0.0,0.0,1.0,0.0,20.86,6.3,0.0,41.42,0.0,0.0,-0.7071067811865471,-0.7071067811865479,0.7856498550787147,-0.6186714032625031
2025-05-10 15:30:00,26.724487138849934,83.95701644731243,97.51815482735066,283.76326255787467,113.31105002088837,0.0,0.0,1.0,0.0,20.86,6.3,0.0,41.42,0.0,0.0,-0.7071067811865471,-0.7071067811865479,0.7856498550787147,-0.6186714032625031
2025-05-10 15:45:00,1.940744414167547,33.06720033163132,54.89691791950749,172.9970934118546,27.232787963055316,0.0,0.0,1.0,0.0,20.86,6.3,0.0,41.42,0.0,0.0,-0.7071067811865471,-0.7071067811865479,0.7856498550787147,-0.6186714032625031
2025-05-10 16:00:00,50.69492086722232,29.015362883967683,38.97111840728059,110.66869618150434,12.93015533794177,0.0,0.0,1.0,0.0,20.61,6.66,0.0,44.48,0.0,0.0,-0.8660254037844384,-0.5000000000000004,0.7856498550787147,-0.6186714032625031
2025-05-10 16:15:00,30.618950899866427,41.31620309354355,24.855559839888556,124.15202608021171,68.9693062606657,0.0,0.0,1.0,0.0,20.61,6.66,0.0,44.48,0.0,0.0,-0.8660254037844384,-0.5000000000000004,0.7856498550787147,-0.6186714032625031
2025-05-10 16:30:00,14.232589047112079,3.6192020813720998,29.886555484812288,105.42717433604395,0.0,0.0,0.0,1.0,0.0,20.61,6.66,0.0,44.48,0.0,0.0,-0.8660254037844384,-0.5000000000000004,0.7856498550787147,-0.6186714032625031
2025-05-10 16:45:00,0.0,16.699980790391024,18.572542701970836,105.44547006330873,31.797064840787044,0.0,0.0,1.0,0.0,20.61,6.66,0.0,44.48,0.0,0.0,-0.8660254037844384,-0.5000000000000004,0.7856498550787147,-0.6186714032625031
2025-05-10 17:00:00,17.796782924274787,6.954897548196214,21.403707504347082,103.34550411595242,0.0,0.0,0.0,1.0,0.0,19.88,7.81,0.0,54.57,0.0,0.0,-0.9659258262890684,-0.2588190451025206,0.7856498550787147,-0.6186714032625031
2025-05-10 17:15:00,7.6190967471997615,11.272948167291258,0.0,79.0450960726353,28.97446832549857,0.0,0.0,1.0,0.0,19.88,7.81,0.0,54.57,0.0,0.0,-0.9659258262890684,-0.2588190451025206,0.7856498550787147,-0.6186714032625031
2025-05-10 17:30:00,0.0,21.720748450568237,9.61676563264396,24.17281382436365,19.918045953852722,0.0,0.0,1.0,0.0,19.88,7.81,0.0,54.57,0.0,0.0,-0.9659258262890684,-0.2588190451025206,0.7856498550787147,-0.6186714032625031
2025-05-10 17:45:00,0.0,4.0440620891791745,17.650584011181788,24.182785806492788,9.66734187918573,0.0,0.0,1.0,0.0,19.88,7.81,0.0,54.57,0.0,0.0,-0.9659258262890684,-0.2588190451025206,0.7856498550787147,-0.6186714032625031
2025-05-10 18:00:00,0.0,0.0,0.0,0.0,0.0,0.0,0.0,1.0,0.0,18.22,9.03,0.0,69.97,0.0,0.0,-1.0,-1.8369701987210292e-16,0.7856498550787147,-0.6186714032625031
2025-05-10 18:15:00,0.0,0.0,0.0,0.0,0.0,0.0,0.0,1.0,0.0,18.22,9.03,0.0,69.97,0.0,0.0,-1.0,-1.8369701987210292e-16,0.7856498550787147,-0.6186714032625031
2025-05-10 18:30:00,0.0,0.0,0.0,0.0,0.0,0.0,0.0,1.0,0.0,18.22,9.03,0.0,69.97,0.0,0.0,-1.0,-1.8369701987210292e-16,0.7856498550787147,-0.6186714032625031
2025-05-10 18:45:00,0.0,0.0,0.0,0.0,0.0,0.0,0.0,1.0,0.0,18.22,9.03,0.0,69.97,0.0,0.0,-1.0,-1.8369701987210292e-16,0.7856498550787147,-0.6186714032625031
2025-05-10 19:00:00,0.0,0.0,0.0,0.0,0.0,0.0,0.0,1.0,0.0,16.27,8.48,0.0,74.4,0.0,0.0,-0.9659258262890684,0.2588190451025203,0.7856498550787147,-0.6186714032625031
2025-05-10 19:15:00,0.0,0.0,0.0,0.0,0.0,0.0,0.0,1.0,0.0,16.27,8.48,0.0,74.4,0.0,0.0,-0.9659258262890684,0.2588190451025203,0.7856498550787147,-0.6186714032625031
2025-05-10 19:30:00,0.0,0.0,0.0,0.0,0.0,0.0,0.0,1.0,0.0,16.27,8.48,0.0,74.4,0.0,0.0,-0.9659258262890684,0.2588190451025203,0.7856498550787147,-0.6186714032625031
2025-05-10 19:45:00,0.0,0.0,0.0,0.0,0.0,0.0,0.0,1.0,0.0,16.27,8.48,0.0,74.4,0.0,0.0,-0.9659258262890684,0.2588190451025203,0.7856498550787147,-0.6186714032625031
2025-05-10 20:00:00,0.0,0.0,0.0,0.0,0.0,0.0,0.0,1.0,0.0,15.15,8.19,0.0,77.24,0.0,0.0,-0.8660254037844386,0.5000000000000001,0.7856498550787147,-0.6186714032625031
2025-05-10 20:15:00,0.0,0.0,0.0,0.0,0.0,0.0,0.0,1.0,0.0,15.15,8.19,0.0,77.24,0.72211015,0.0,-0.8660254037844386,0.5000000000000001,0.7856498550787147,-0.6186714032625031
2025-05-10 20:30:00,0.0,0.0,0.0,0.0,0.0,0.0,0.0,1.0,0.0,15.15,8.19,0.0,77.24,1.4442203,0.0,-0.8660254037844386,0.5000000000000001,0.7856498550787147,-0.6186714032625031
2025-05-10 20:45:00,0.0,0.0,0.0,0.0,0.0,0.0,0.0,1.0,0.0,15.15,8.19,0.0,77.24,2.1663303,0.0,-0.8660254037844386,0.5000000000000001,0.7856498550787147,-0.6186714032625031
2025-05-10 21:00:00,0.0,0.0,0.0,0.0,0.0,0.0,0.0,1.0,0.0,14.59,8.1,0.0,79.22,2.8884406,0.0,-0.7071067811865477,0.7071067811865474,0.7856498550787147,-0.6186714032625031
2025-05-10 21:15:00,0.0,0.0,0.0,0.0,0.0,0.0,0.0,1.0,0.0,14.59,8.1,0.0,79.22,6.5334673,0.0,-0.7071067811865477,0.7071067811865474,0.7856498550787147,-0.6186714032625031
2025-05-10 21:30:00,0.0,0.0,0.0,0.0,0.0,0.0,0.0,1.0,0.0,14.59,8.1,0.0,79.22,10.178494,0.0,-0.7071067811865477,0.7071067811865474,0.7856498550787147,-0.6186714032625031
2025-05-10 21:45:00,0.0,0.0,0.0,0.0,0.0,0.0,0.0,1.0,0.0,14.59,8.1,0.0,79.22,13.823521,0.0,-0.7071067811865477,0.7071067811865474,0.7856498550787147,-0.6186714032625031
2025-05-10 22:00:00,0.0,0.0,0.0,0.0,0.0,0.0,0.0,1.0,0.0,14.32,8.31,0.0,82.71,17.468548,0.0,-0.5000000000000004,0.8660254037844384,0.7856498550787147,-0.6186714032625031
2025-05-10 22:15:00,0.0,0.0,0.0,0.0,0.0,0.0,0.0,1.0,0.0,14.32,8.31,0.0,82.71,33.75665,0.0,-0.5000000000000004,0.8660254037844384,0.7856498550787147,-0.6186714032625031
2025-05-10 22:30:00,0.0,0.0,0.0,0.0,0.0,0.0,0.0,1.0,0.0,14.32,8.31,0.0,82.71,50.044754,0.0,-0.5000000000000004,0.8660254037844384,0.7856498550787147,-0.6186714032625031
2025-05-10 22:45:00,0.0,0.0,0.0,0.0,0.0,0.0,0.0,1.0,0.0,14.32,8.31,0.0,82.71,66.332855,0.0,-0.5000000000000004,0.8660254037844384,0.7856498550787147,-0.6186714032625031
2025-05-10 23:00:00,0.0,0.0,0.0,0.0,0.0,0.0,0.0,1.0,0.0,13.97,8.48,0.0,86.32,82.62096,0.0,-0.2588190451025215,0.965925826289068,0.7856498550787147,-0.6186714032625031
2025-05-10 23:15:00,0.0,0.0,0.0,0.0,0.0,0.0,0.0,1.0,0.0,13.97,8.48,0.0,86.32,85.639656,0.0,-0.2588190451025215,0.965925826289068,0.7856498550787147,-0.6186714032625031
2025-05-10 23:30:00,0.0,0.0,0.0,0.0,0.0,0.0,0.0,1.0,0.0,13.97,8.48,0.0,86.32,88.658356,0.0,-0.2588190451025215,0.965925826289068,0.7856498550787147,-0.6186714032625031
2025-05-10 23:45:00,0.0,0.0,0.0,0.0,0.0,0.0,0.0,1.0,0.0,13.97,8.48,0.0,86.32,91.67705,0.0,-0.2588190451025215,0.965925826289068,0.7856498550787147,-0.6186714032625031
2025-05-11 00:00:00,0.0,0.0,0.0,0.0,0.0,0.0,0.0,1.0,0.0,13.75,8.61,0.0,88.89,94.69575,0.0,0.0,1.0,0.7748840413670407,-0.6321034111873487
2025-05-11 00:15:00,0.0,0.0,0.0,0.0,0.0,0.0,0.0,1.0,0.0,13.75,8.61,0.0,88.89,95.12423,0.0,0.0,1.0,0.7748840413670407,-0.6321034111873487
2025-05-11 00:30:00,0.0,0.0,0.0,0.0,0.0,0.0,0.0,1.0,0.0,13.75,8.61,0.0,88.89,95.55271,0.0,0.0,1.0,0.7748840413670407,-0.6321034111873487
2025-05-11 00:45:00,0.0,0.0,0.0,0.0,0.0,0.0,0.0,1.0,0.0,13.75,8.61,0.0,88.89,95.98119,0.0,0.0,1.0,0.7748840413670407,-0.6321034111873487
2025-05-11 01:00:00,0.0,0.0,0.0,0.0,0.0,0.0,0.0,1.0,0.0,13.45,8.71,0.0,91.68,96.409676,0.0,0.2588190451025207,0.9659258262890684,0.7748840413670407,-0.6321034111873487
2025-05-11 01:15:00,0.0,0.0,0.0,0.0,0.0,0.0,0.0,1.0,0.0,13.45,8.71,0.0,91.68,97.019325,0.0,0.2588190451025207,0.9659258262890684,0.7748840413670407,-0.6321034111873487
2025-05-11 01:30:00,0.0,0.0,0.0,0.0,0.0,0.0,0.0,1.0,0.0,13.45,8.71,0.0,91.68,97.628975,0.0,0.2588190451025207,0.9659258262890684,0.7748840413670407,-0.6321034111873487
2025-05-11 01:45:00,0.0,0.0,0.0,0.0,0.0,0.0,0.0,1.0,0.0,13.45,8.71,0.0,91.68,98.238625,0.0,0.2588190451025207,0.9659258262890684,0.7748840413670407,-0.6321034111873487
2025-05-11 02:00:00,0.0,0.0,0.0,0.0,0.0,0.0,0.0,1.0,0.0,13.01,8.74,0.0,94.68,98.848274,0.0,0.4999999999999999,0.8660254037844387,0.7748840413670407,-0.6321034111873487
2025-05-11 02:15:00,0.0,0.0,0.0,0.0,0.0,0.0,0.0,1.0,0.0,13.01,8.74,0.0,94.68,98.78476,0.0,0.4999999999999999,0.8660254037844387,0.7748840413670407,-0.6321034111873487
2025-05-11 02:30:00,0.0,0.0,0.0,0.0,0.0,0.0,0.0,1.0,0.0,13.01,8.74,0.0,94.68,98.72124,0.0,0.4999999999999999,0.8660254037844387,0.7748840413670407,-0.6321034111873487
2025-05-11 02:45:00,0.0,0.0,0.0,0.0,0.0,0.0,0.0,1.0,0.0,13.01,8.74,0.0,94.68,98.65772,0.0,0.4999999999999999,0.8660254037844387,0.7748840413670407,-0.6321034111873487
2025-05-11 03:00:00,0.0,0.0,0.0,0.0,0.0,0.0,0.0,1.0,0.0,12.47,8.75,0.0,98.24,98.59421,0.0,0.7071067811865475,0.7071067811865476,0.7748840413670407,-0.6321034111873487
2025-05-11 03:15:00,0.0,0.0,0.0,0.0,0.0,0.0,0.0,1.0,0.0,12.47,8.75,0.0,98.24,98.39061,0.0,0.7071067811865475,0.7071067811865476,0.7748840413670407,-0.6321034111873487
2025-05-11 03:30:00,0.0,0.0,0.0,0.0,0.0,0.0,0.0,1.0,0.0,12.47,8.75,0.0,98.24,98.18701,0.0,0.7071067811865475,0.7071067811865476,0.7748840413670407,-0.6321034111873487
2025-05-11 03:45:00,0.0,0.0,0.0,0.0,0.0,0.0,0.0,1.0,0.0,12.47,8.75,0.0,98.24,97.98341,0.0,0.7071067811865475,0.7071067811865476,0.7748840413670407,-0.6321034111873487
2025-05-11 04:00:00,0.0,0.0,0.0,0.0,0.0,0.0,0.0,1.0,0.0,11.91,8.75,0.0,100.0,97.779816,0.0,0.8660254037844386,0.5000000000000001,0.7748840413670407,-0.6321034111873487
2025-05-11 04:15:00,0.0,0.0,0.0,0.0,0.0,0.0,0.0,1.0,0.0,11.91,8.75,0.0,100.0,97.21499,0.0,0.8660254037844386,0.5000000000000001,0.7748840413670407,-0.6321034111873487
2025-05-11 04:30:00,0.0,0.0,0.0,0.0,0.0,0.0,0.0,1.0,0.0,11.91,8.75,0.0,100.0,96.65016,0.0,0.8660254037844386,0.5000000000000001,0.7748840413670407,-0.6321034111873487
2025-05-11 04:45:00,0.0,0.0,0.0,0.0,0.0,0.0,0.0,1.0,0.0,11.91,8.75,0.0,100.0,96.08534,0.0,0.8660254037844386,0.5000000000000001,0.7748840413670407,-0.6321034111873487
2025-05-11 05:00:00,0.0,0.0,0.0,0.0,0.0,0.0,0.0,1.0,0.0,11.77,8.7,0.02,100.0,95.520515,0.0,0.9659258262890684,0.2588190451025207,0.7748840413670407,-0.6321034111873487
2025-05-11 05:15:00,0.0,0.0,0.0,0.0,0.0,0.0,0.0,1.0,0.0,11.77,8.7,0.02,100.0,96.64039,0.0,0.9659258262890684,0.2588190451025207,0.7748840413670407,-0.6321034111873487
2025-05-11 05:30:00,0.0,0.0,0.0,0.0,0.0,0.0,0.0,1.0,0.0,11.77,8.7,0.02,100.0,97.760254,0.0,0.9659258262890684,0.2588190451025207,0.7748840413670407,-0.6321034111873487
2025-05-11 05:45:00,0.0,0.0,0.0,0.0,0.0,0.0,0.0,1.0,0.0,11.77,8.7,0.02,100.0,98.88013,0.0,0.9659258262890684,0.2588190451025207,0.7748840413670407,-0.6321034111873487
2025-05-11 06:00:00,24.291454778298682,0.0,16.880446643674812,13.603483484888374,18.069158986897254,0.0,0.0,1.0,0.0,13.3,8.95,0.01,95.35,100.0,0.0,1.0,6.123233995736766e-17,0.7748840413670407,-0.6321034111873487
2025-05-11 06:15:00,19.875121702809118,0.0,3.304698573886462,17.3862230074931,0.0,0.0,0.0,1.0,0.0,13.3,8.95,0.01,95.35,99.108315,0.0,1.0,6.123233995736766e-17,0.7748840413670407,-0.6321034111873487
2025-05-11 06:30:00,2.989324481649903,19.09421415307395,7.364903289125444,37.85582902912636,0.0,0.0,0.0,1.0,0.0,13.3,8.95,0.01,95.35,98.21663,0.0,1.0,6.123233995736766e-17,0.7748840413670407,-0.6321034111873487
2025-05-11 06:45:00,19.321979913376268,14.729527092783414,91.63718772279475,37.16920872135154,7.639823631921991,0.0,0.0,1.0,0.0,13.3,8.95,0.01,95.35,97.32495,0.0,1.0,6.123233995736766e-17,0.7748840413670407,-0.6321034111873487
2025-05-11 07:00:00,2.7207095969024344,71.06435251561102,158.58303513860972,69.0834403481475,24.743776280037014,0.0,0.0,1.0,0.0,15.64,9.33,0.0,85.45,96.433266,0.0,0.9659258262890684,-0.2588190451025206,0.7748840413670407,-0.6321034111873487
2025-05-11 07:15:00,44.54400030662843,109.65566649735753,226.62777642596774,112.70599229366283,24.077381809601214,0.0,0.0,1.0,0.0,15.64,9.33,0.0,85.45,95.62869,0.0,0.9659258262890684,-0.2588190451025206,0.7748840413670407,-0.6321034111873487
2025-05-11 07:30:00,160.22492646033908,61.37647477140386,305.34331086518495,91.82601148862675,91.31111817665415,0.0,0.0,1.0,0.0,15.64,9.33,0.0,85.45,94.82411,0.0,0.9659258262890684,-0.2588190451025206,0.7748840413670407,-0.6321034111873487
2025-05-11 07:45:00,193.24735552414188,80.53766888675709,330.88628177161195,130.76303462502412,102.05829808221719,0.0,0.0,1.0,0.0,15.64,9.33,0.0,85.45,94.01953,0.0,0.9659258262890684,-0.2588190451025206,0.7748840413670407,-0.6321034111873487
2025-05-11 08:00:00,258.12959404762586,238.6081257683001,424.25850229507967,118.83787861847166,115.33872257603444,0.0,0.0,1.0,0.0,19.01,9.78,0.0,72.35,93.21496,0.0,0.8660254037844387,-0.4999999999999998,0.7748840413670407,-0.6321034111873487
2025-05-11 08:15:00,248.88028353133342,368.15493887773226,489.3226237047212,133.18032734246515,158.71533331546058,0.0,0.0,1.0,0.0,19.01,9.78,0.0,72.35,91.63477,0.0,0.8660254037844387,-0.4999999999999998,0.7748840413670407,-0.6321034111873487
2025-05-11 08:30:00,301.4717384198266,422.79147503020295,537.0956172931335,159.7463745428493,228.61250848880096,0.0,0.0,1.0,0.0,19.01,9.78,0.0,72.35,90.054596,0.0,0.8660254037844387,-0.4999999999999998,0.7748840413670407,-0.6321034111873487
2025-05-11 08:45:00,414.59794119409474,625.024810262995,566.5556947985119,182.92343811335962,466.51238165090734,0.0,0.0,1.0,0.0,19.01,9.78,0.0,72.35,88.47441,0.0,0.8660254037844387,-0.4999999999999998,0.7748840413670407,-0.6321034111873487
2025-05-11 09:00:00,480.31363493021263,418.42368546245626,599.1149725882656,200.80681424929935,535.7095930354333,0.0,0.0,1.0,0.0,22.16,8.77,0.0,53.46,86.894226,0.0,0.7071067811865476,-0.7071067811865475,0.7748840413670407,-0.6321034111873487
2025-05-11 09:15:00,515.3468827736494,269.17509044103633,683.1177984564665,281.91062904936933,493.95220605633483,0.0,0.0,1.0,0.0,22.16,8.77,0.0,53.46,80.79557,0.0,0.7071067811865476,-0.7071067811865475,0.7748840413670407,-0.6321034111873487
2025-05-11 09:30:00,566.2004728082098,340.19228723163394,692.6719700987414,338.4002219956305,686.647031887233,0.0,0.0,1.0,0.0,22.16,8.77,0.0,53.46,74.696915,0.0,0.7071067811865476,-0.7071067811865475,0.7748840413670407,-0.6321034111873487
2025-05-11 09:45:00,593.0543380710724,259.5775005469951,790.1251472187982,357.90310650932787,799.4942536553698,0.0,0.0,1.0,0.0,22.16,8.77,0.0,53.46,68.59827,0.0,0.7071067811865476,-0.7071067811865475,0.7748840413670407,-0.6321034111873487
2025-05-11 10:00:00,663.6584534176442,581.2726154975569,790.4172896719041,658.7825522069594,789.8642248874364,0.0,0.0,1.0,0.0,23.71,8.09,0.0,44.93,62.49961,0.0,0.4999999999999999,-0.8660254037844387,0.7748840413670407,-0.6321034111873487
2025-05-11 10:15:00,692.1066623599594,505.3865793192086,804.2575147257696,725.7926930069199,843.2015019326213,0.0,0.0,1.0,0.0,23.71,8.09,0.0,44.93,62.562897,0.0,0.4999999999999999,-0.8660254037844387,0.7748840413670407,-0.6321034111873487
2025-05-11 10:30:00,701.7519455208313,687.3239075508533,846.142958590063,912.016514848308,834.5561703173344,0.0,0.0,1.0,0.0,23.71,8.09,0.0,44.93,62.626183,0.0,0.4999999999999999,-0.8660254037844387,0.7748840413670407,-0.6321034111873487
2025-05-11 10:45:00,702.4141521773137,782.6287567943883,824.6721431393346,854.4804203870112,876.4657910117463,0.0,0.0,1.0,0.0,23.71,8.09,0.0,44.93,62.68947,0.0,0.4999999999999999,-0.8660254037844387,0.7748840413670407,-0.6321034111873487
2025-05-11 11:00:00,746.5260693028868,741.8414715767391,856.0403940407973,915.1888962503458,863.6441165312057,0.0,0.0,1.0,0.0,24.74,8.07,0.0,42.13,62.752754,0.0,0.258819045102521,-0.9659258262890682,0.7748840413670407,-0.6321034111873487
2025-05-11 11:15:00,743.2436405427817,773.889489393229,879.45194964288,909.2140853171934,898.6681211965736,0.0,0.0,1.0,0.0,24.74,8.07,0.0,42.13,55.878273,0.0,0.258819045102521,-0.9659258262890682,0.7748840413670407,-0.6321034111873487
2025-05-11 11:30:00,730.2422634162756,780.0010340524458,905.3772198315273,954.8128897527282,904.5366160332693,0.0,0.0,1.0,0.0,24.74,8.07,0.0,42.13,49.003796,0.0,0.258819045102521,-0.9659258262890682,0.7748840413670407,-0.6321034111873487
2025-05-11 11:45:00,747.9622338593119,769.6154159154015,883.976247925191,913.2526689696826,909.7752875441881,0.0,0.0,1.0,0.0,24.74,8.07,0.0,42.13,42.12932,0.0,0.258819045102521,-0.9659258262890682,0.7748840413670407,-0.6321034111873487
2025-05-11 12:00:00,750.2437490264135,787.4460656468789,878.5760019112369,852.0412870860364,901.0413379180336,0.0,0.0,1.0,0.0,25.49,8.48,0.0,42.32,35.254837,0.0,1.2246467991473532e-16,-1.0,0.7748840413670407,-0.6321034111873487
2025-05-11 12:15:00,716.6473642526219,786.8548714366528,853.6500506137429,808.7994294610651,901.8332698470989,0.0,0.0,1.0,0.0,25.49,8.48,0.0,42.32,39.176693,0.0,1.2246467991473532e-16,-1.0,0.7748840413670407,-0.6321034111873487
2025-05-11 12:30:00,698.4604223971397,741.8592352262367,855.8644910757083,791.9210270716534,882.2819592714966,0.0,0.0,1.0,0.0,25.49,8.48,0.0,42.32,43.09855,0.0,1.2246467991473532e-16,-1.0,0.7748840413670407,-0.6321034111873487
2025-05-11 12:45:00,726.0001950201114,732.2257589580066,825.9701276195946,617.3958226310656,868.7409174751776,0.0,0.0,1.0,0.0,25.49,8.48,0.0,42.32,47.020405,0.0,1.2246467991473532e-16,-1.0,0.7748840413670407,-0.6321034111873487
2025-05-11 13:00:00,694.5979415902525,721.5955999021369,804.0543636809438,593.4930551884902,817.6553985030296,0.0,0.0,1.0,0.0,25.9,9.02,0.0,43.89,50.94226,0.0,-0.2588190451025208,-0.9659258262890684,0.7748840413670407,-0.6321034111873487
2025-05-11 13:15:00,684.3943511348707,697.3143512858486,763.0430533500463,530.6735936635982,792.0422355771958,0.0,0.0,1.0,0.0,25.9,9.02,0.0,43.89,58.164795,0.0,-0.2588190451025208,-0.9659258262890684,0.7748840413670407,-0.6321034111873487
2025-05-11 13:30:00,633.1933757502396,656.7484818450281,756.0972191361154,880.6150748694514,767.8146909458384,0.0,0.0,1.0,0.0,25.9,9.02,0.0,43.89,65.38733,0.0,-0.2588190451025208,-0.9659258262890684,0.7748840413670407,-0.6321034111873487
2025-05-11 13:45:00,559.8775157888523,625.0010691743021,713.5652680731571,849.0171722982202,734.5260799254413,0.0,0.0,1.0,0.0,25.9,9.02,0.0,43.89,72.60987,0.0,-0.2588190451025208,-0.9659258262890684,0.7748840413670407,-0.6321034111873487
2025-05-11 14:00:00,553.2162405851778,578.1408916830546,643.5342431068415,826.5124947714685,691.2575755029112,0.0,0.0,1.0,0.0,26.0,9.52,0.0,46.02,79.832405,0.0,-0.4999999999999997,-0.8660254037844388,0.7748840413670407,-0.6321034111873487
2025-05-11 14:15:00,484.69910861097645,527.8181124264926,629.4260541526295,675.5470959545182,651.799258111171,0.0,0.0,1.0,0.0,26.0,9.52,0.0,46.02,82.10124,0.0,-0.4999999999999997,-0.8660254037844388,0.7748840413670407,-0.6321034111873487
2025-05-11 14:30:00,452.52616366828147,455.47435375454893,571.4103144181631,732.4091213901179,625.6072456499019,0.0,0.0,1.0,0.0,26.0,9.52,0.0,46.02,84.37008,0.0,-0.4999999999999997,-0.8660254037844388,0.7748840413670407,-0.6321034111873487
2025-05-11 14:45:00,383.26451512597976,404.37748692973577,509.44493920251534,556.7640564684069,525.2461725099788,0.0,0.0,1.0,0.0,26.0,9.52,0.0,46.02,86.638916,0.0,-0.4999999999999997,-0.8660254037844388,0.7748840413670407,-0.6321034111873487
2025-05-11 15:00:00,322.95097459036197,360.0670475041875,371.65566482470626,348.6030210479741,398.0710697879448,0.0,0.0,1.0,0.0,25.8,9.83,0.0,48.07,88.90775,0.0,-0.7071067811865471,-0.7071067811865479,0.7748840413670407,-0.6321034111873487
2025-05-11 15:15:00,285.79783820270995,304.33178754942827,71.56890184830753,281.33019372074847,135.80594479625464,0.0,0.0,1.0,0.0,25.8,9.83,0.0,48.07,89.20427,0.0,-0.7071067811865471,-0.7071067811865479,0.7748840413670407,-0.6321034111873487
2025-05-11 15:30:00,54.38774772256719,98.12088868500007,110.73013443635064,275.6366597952671,95.8972720904113,0.0,0.0,1.0,0.0,25.8,9.83,0.0,48.07,89.50078,0.0,-0.7071067811865471,-0.7071067811865479,0.7748840413670407,-0.6321034111873487
2025-05-11 15:45:00,18.104643164526834,18.75004462757638,47.79660076897295,171.24292259906127,33.43310924324787,0.0,0.0,1.0,0.0,25.8,9.83,0.0,48.07,89.79729,0.0,-0.7071067811865471,-0.7071067811865479,0.7748840413670407,-0.6321034111873487
2025-05-11 16:00:00,34.215395547150564,5.431080847212485,67.84396558075659,123.53952863974224,44.618145221835455,0.0,0.0,1.0,0.0,25.15,10.53,0.0,53.52,90.0938,0.0,-0.8660254037844384,-0.5000000000000004,0.7748840413670407,-0.6321034111873487
2025-05-11 16:15:00,8.959384219022516,23.74797493601116,44.08012198819699,107.6050252549543,29.960511678300108,0.0,0.0,1.0,0.0,25.15,10.53,0.0,53.52,92.57035,0.0,-0.8660254037844384,-0.5000000000000004,0.7748840413670407,-0.6321034111873487
2025-05-11 16:30:00,9.809133805329246,0.0,0.0,120.51303494293573,17.858040859921175,0.0,0.0,1.0,0.0,25.15,10.53,0.0,53.52,95.046906,0.0,-0.8660254037844384,-0.5000000000000004,0.7748840413670407,-0.6321034111873487
2025-05-11 16:45:00,0.0,16.089685766928657,24.481751104873606,113.32650125996733,12.820072946977403,0.0,0.0,1.0,0.0,25.15,10.53,0.0,53.52,97.52345,0.0,-0.8660254037844384,-0.5000000000000004,0.7748840413670407,-0.6321034111873487
2025-05-11 17:00:00,19.469398014692143,0.0,0.0,54.79295513819716,17.262829744892286,0.0,0.0,1.0,0.0,24.14,12.05,0.0,65.03,100.0,0.0,-0.9659258262890684,-0.2588190451025206,0.7748840413670407,-0.6321034111873487
2025-05-11 17:15:00,0.0,0.0,9.399274749306187,121.74180396908685,7.498713513461371,0.0,0.0,1.0,0.0,24.14,12.05,0.0,65.03,100.0,0.0,-0.9659258262890684,-0.2588190451025206,0.7748840413670407,-0.6321034111873487
2025-05-11 17:30:00,17.902362478223306,0.0,24.260246100579035,40.07938297549346,4.62990148185562,0.0,0.0,1.0,0.0,24.14,12.05,0.0,65.03,100.0,0.0,-0.9659258262890684,-0.2588190451025206,0.7748840413670407,-0.6321034111873487
2025-05-11 17:45:00,35.09894283845697,15.796327326743047,0.0,20.287479727506256,3.2191003957540887,0.0,0.0,1.0,0.0,24.14,12.05,0.0,65.03,100.0,0.0,-0.9659258262890684,-0.2588190451025206,0.7748840413670407,-0.6321034111873487
2025-05-11 18:00:00,0.0,0.0,0.0,0.0,0.0,0.0,0.0,1.0,0.0,22.4,12.77,0.0,76.54,100.0,0.0,-1.0,-1.8369701987210292e-16,0.7748840413670407,-0.6321034111873487
2025-05-11 18:15:00,0.0,0.0,0.0,0.0,0.0,0.0,0.0,1.0,0.0,22.4,12.77,0.0,76.54,99.19612,0.0,-1.0,-1.8369701987210292e-16,0.7748840413670407,-0.6321034111873487
2025-05-11 18:30:00,0.0,0.0,0.0,0.0,0.0,0.0,0.0,1.0,0.0,22.4,12.77,0.0,76.54,98.39224,0.0,-1.0,-1.8369701987210292e-16,0.7748840413670407,-0.6321034111873487
2025-05-11 18:45:00,0.0,0.0,0.0,0.0,0.0,0.0,0.0,1.0,0.0,22.4,12.77,0.0,76.54,97.58837,0.0,-1.0,-1.8369701987210292e-16,0.7748840413670407,-0.6321034111873487
2025-05-11 19:00:00,0.0,0.0,0.0,0.0,0.0,0.0,0.0,1.0,0.0,20.34,11.59,0.0,78.89,96.78449,0.0,-0.9659258262890684,0.2588190451025203,0.7748840413670407,-0.6321034111873487
2025-05-11 19:15:00,0.0,0.0,0.0,0.0,0.0,0.0,0.0,1.0,0.0,20.34,11.59,0.0,78.89,96.26376,0.0015183743,-0.9659258262890684,0.2588190451025203,0.7748840413670407,-0.6321034111873487
2025-05-11 19:30:00,0.0,0.0,0.0,0.0,0.0,0.0,0.0,1.0,0.0,20.34,11.59,0.0,78.89,95.74304,0.0030367486,-0.9659258262890684,0.2588190451025203,0.7748840413670407,-0.6321034111873487
2025-05-11 19:45:00,0.0,0.0,0.0,0.0,0.0,0.0,0.0,1.0,0.0,20.34,11.59,0.0,78.89,95.22232,0.004555123,-0.9659258262890684,0.2588190451025203,0.7748840413670407,-0.6321034111873487
2025-05-11 20:00:00,0.0,0.0,0.0,0.0,0.0,0.0,0.0,1.0,0.0,19.26,11.13,0.0,81.08,94.70159,0.0060734972,-0.8660254037844386,0.5000000000000001,0.7748840413670407,-0.6321034111873487
2025-05-11 20:15:00,0.0,0.0,0.0,0.0,0.0,0.0,0.0,1.0,0.0,19.26,11.13,0.0,81.08,95.17029,0.014192796,-0.8660254037844386,0.5000000000000001,0.7748840413670407,-0.6321034111873487
2025-05-11 20:30:00,0.0,0.0,0.0,0.0,0.0,0.0,0.0,1.0,0.0,19.26,11.13,0.0,81.08,95.63899,0.022312095,-0.8660254037844386,0.5000000000000001,0.7748840413670407,-0.6321034111873487
2025-05-11 20:45:00,0.0,0.0,0.0,0.0,0.0,0.0,0.0,1.0,0.0,19.26,11.13,0.0,81.08,96.1077,0.030431394,-0.8660254037844386,0.5000000000000001,0.7748840413670407,-0.6321034111873487
2025-05-11 21:00:00,0.0,0.0,0.0,0.0,0.0,0.0,0.0,1.0,0.0,18.54,10.88,0.0,82.93,96.57639,0.038550694,-0.7071067811865477,0.7071067811865474,0.7748840413670407,-0.6321034111873487
2025-05-11 21:15:00,0.0,0.0,0.0,0.0,0.0,0.0,0.0,1.0,0.0,18.54,10.88,0.0,82.93,96.424866,0.029304232,-0.7071067811865477,0.7071067811865474,0.7748840413670407,-0.6321034111873487
2025-05-11 21:30:00,0.0,0.0,0.0,0.0,0.0,0.0,0.0,1.0,0.0,18.54,10.88,0.0,82.93,96.27333,0.02005777,-0.7071067811865477,0.7071067811865474,0.7748840413670407,-0.6321034111873487
2025-05-11 21:45:00,0.0,0.0,0.0,0.0,0.0,0.0,0.0,1.0,0.0,18.54,10.88,0.0,82.93,96.1218,0.010811308,-0.7071067811865477,0.7071067811865474,0.7748840413670407,-0.6321034111873487
2025-05-11 22:00:00,0.0,0.0,0.0,0.0,0.0,0.0,0.0,1.0,0.0,17.28,10.68,0.0,88.15,95.970276,0.0015648464,-0.5000000000000004,0.8660254037844384,0.7748840413670407,-0.6321034111873487
2025-05-11 22:15:00,0.0,0.0,0.0,0.0,0.0,0.0,0.0,1.0,0.0,17.28,10.68,0.0,88.15,96.83077,0.0011895048,-0.5000000000000004,0.8660254037844384,0.7748840413670407,-0.6321034111873487
2025-05-11 22:30:00,0.0,0.0,0.0,0.0,0.0,0.0,0.0,1.0,0.0,17.28,10.68,0.0,88.15,97.69127,0.00081416324,-0.5000000000000004,0.8660254037844384,0.7748840413670407,-0.6321034111873487
2025-05-11 22:45:00,0.0,0.0,0.0,0.0,0.0,0.0,0.0,1.0,0.0,17.28,10.68,0.0,88.15,98.551765,0.00043882168,-0.5000000000000004,0.8660254037844384,0.7748840413670407,-0.6321034111873487
2025-05-11 23:00:00,0.0,0.0,0.0,0.0,0.0,0.0,0.0,1.0,0.0,16.49,10.36,0.0,89.93,99.41226,6.3480096e-05,-0.2588190451025215,0.965925826289068,0.7748840413670407,-0.6321034111873487
2025-05-11 23:15:00,0.0,0.0,0.0,0.0,0.0,0.0,0.0,1.0,0.0,16.49,10.36,0.0,89.93,99.50203,4.8221307e-05,-0.2588190451025215,0.965925826289068,0.7748840413670407,-0.6321034111873487
2025-05-11 23:30:00,0.0,0.0,0.0,0.0,0.0,0.0,0.0,1.0,0.0,16.49,10.36,0.0,89.93,99.5918,3.296252e-05,-0.2588190451025215,0.965925826289068,0.7748840413670407,-0.6321034111873487
2025-05-11 23:45:00,0.0,0.0,0.0,0.0,0.0,0.0,0.0,1.0,0.0,16.49,10.36,0.0,89.93,99.681564,1.7703735e-05,-0.2588190451025215,0.965925826289068,0.7748840413670407,-0.6321034111873487
